æ ‡é¢˜,ä½œè€…æ˜µç§°,å¸–å­é“¾æ¥,å¸–å­ç±»å‹,å›¾ç‰‡é“¾æ¥,è§†é¢‘é“¾æ¥,å¸–å­æ–‡æœ¬,ç‚¹èµæ•°,æ”¶è—æ•°,è¯„è®ºæ•°,å‘å¸ƒæ—¥æœŸ,ä½œè€…IP,å­—ä½œè€…ID,ä½œè€…ç®€ä»‹,ä½œè€…å…³æ³¨æ•°,ä½œè€…ç²‰ä¸æ•°,ä½œè€…ç‚¹èµä¸æ”¶è—æ•°,è¯„è®ºè€…æ˜µç§°,è¯„è®ºå†…å®¹,è¯„è®ºæ—¥æœŸ,è¯„è®ºIP
ä¸­å›½å…­å¤§èŒ¶ç±»çŸ¥è¯†(çè—ç‰ˆ),Té¥®èŒ¶ä¸€ç›,https://www.xiaohongshu.com/search_result/63ef13ce000000001203d3ce?xsec_token=ABKxMPBlD5tVNxRYBdmHL-GIbs_6imgU01FkPxhyO_sYo=&xsec_source=pc_search,å›¾æ–‡,"https://sns-webpic-qc.xhscdn.com/202411060911/664e435374a04bbd9a309f25a519fd52/1000g00822clkl8ofc0605ov1nh99teq16juso08!nd_dft_wlteh_webp_3
https://sns-webpic-qc.xhscdn.com/202411060911/3f9c33729bc88be4d40c4b4769acbdcf/1000g00822clkl8ofc06g5ov1nh99teq15b4ckv8!nd_dft_wlteh_webp_3
https://sns-webpic-qc.xhscdn.com/202411060911/5a8986dadc140529b0e597ca8e64963d/1000g00822clkl8ofc05g5ov1nh99teq19nf2vq8!nd_dft_wlteh_webp_3
https://sns-webpic-qc.xhscdn.com/202411060911/b4fa5ff104633f4aef3dca0e45df2873/1000g00822clkl8ofc04g5ov1nh99teq1ijpo5eg!nd_dft_wlteh_webp_3
https://sns-webpic-qc.xhscdn.com/202411060911/fc43828380766bd8f116873de64fe084/1000g00822clkl8ofc0305ov1nh99teq18c5dfeo!nd_dft_wlteh_webp_3
https://sns-webpic-qc.xhscdn.com/202411060911/cc72c51418d91571f21a9603d3ffcc01/1000g00822clkl8ofc0505ov1nh99teq1he4ti20!nd_dft_wlteh_webp_3
https://sns-webpic-qc.xhscdn.com/202411060911/b68feef78760a64ae566bb7676f9f6bb/1000g00822clkl8ofc01g5ov1nh99teq17rghn8o!nd_dft_wlteh_webp_3
https://sns-webpic-qc.xhscdn.com/202411060911/74947c9bfc8693107932768afc7dcee9/1000g00822clkl8ofc03g5ov1nh99teq1pavdb9o!nd_dft_wlteh_webp_3
https://sns-webpic-qc.xhscdn.com/202411060911/3c181eb01746584954cb3e3c07efa06c/1000g00822clkl8ofc0405ov1nh99teq1jvk0gc0!nd_dft_wlteh_webp_3
https://sns-webpic-qc.xhscdn.com/202411060911/1eaefa09e341fbde10ef053f7aa83ccd/1000g00822clkl8ofc0105ov1nh99teq1bf61uv8!nd_dft_wlteh_webp_3
https://sns-webpic-qc.xhscdn.com/202411060911/7b15077d3c7530e58fa3a9c30bfe235c/1000g00822clkl8ofc00g5ov1nh99teq1nfhbvj0!nd_dft_wlteh_webp_3
https://sns-webpic-qc.xhscdn.com/202411060911/664e435374a04bbd9a309f25a519fd52/1000g00822clkl8ofc0605ov1nh99teq16juso08!nd_dft_wlteh_webp_3
https://sns-webpic-qc.xhscdn.com/202411060911/3f9c33729bc88be4d40c4b4769acbdcf/1000g00822clkl8ofc06g5ov1nh99teq15b4ckv8!nd_dft_wlteh_webp_3
",-,ç»¿èŒ¶çº¢èŒ¶é»„èŒ¶ç™½èŒ¶é’èŒ¶é»‘èŒ¶èŒ¶å¶ç±»å‹èŒ¶å¶å†²æ³¡æ–¹æ³•èŒ¶å¶å­˜æ”¾æ–¹æ³•èŒ¶å¶å·¥è‰º#èŒ¶#èŒ¶çŸ¥è¯†#èŒ¶ç™¾é“#å–èŒ¶#èŒ¶ç”Ÿæ´»#èŒ¶æ–‡åŒ–#æ³¡èŒ¶,71,5.5ä¸‡,840,2023-02-17,-,å°çº¢ä¹¦å·ï¼š5034625612,ğŸŒ¿èŒ¶å¶çŸ¥è¯†æ•´ç†åˆ†äº«â€¦â€¦,3,1.7ä¸‡,19.6ä¸‡,å‹¿å¿˜ğŸ’–å®‰,è¯·æ•™ä¸€ä¸‹ï¼Œç¡çœ ä¸å¥½çš„äººä¸é€‚åˆå–èŒ¶å§ï¼Ÿ,3 å¤©å‰,æ±Ÿè¥¿
ä¸­å›½å…­å¤§èŒ¶ç±»çŸ¥è¯†(çè—ç‰ˆ),Té¥®èŒ¶ä¸€ç›,https://www.xiaohongshu.com/search_result/63ef13ce000000001203d3ce?xsec_token=ABKxMPBlD5tVNxRYBdmHL-GIbs_6imgU01FkPxhyO_sYo=&xsec_source=pc_search,å›¾æ–‡,"https://sns-webpic-qc.xhscdn.com/202411060911/664e435374a04bbd9a309f25a519fd52/1000g00822clkl8ofc0605ov1nh99teq16juso08!nd_dft_wlteh_webp_3
https://sns-webpic-qc.xhscdn.com/202411060911/3f9c33729bc88be4d40c4b4769acbdcf/1000g00822clkl8ofc06g5ov1nh99teq15b4ckv8!nd_dft_wlteh_webp_3
https://sns-webpic-qc.xhscdn.com/202411060911/5a8986dadc140529b0e597ca8e64963d/1000g00822clkl8ofc05g5ov1nh99teq19nf2vq8!nd_dft_wlteh_webp_3
https://sns-webpic-qc.xhscdn.com/202411060911/b4fa5ff104633f4aef3dca0e45df2873/1000g00822clkl8ofc04g5ov1nh99teq1ijpo5eg!nd_dft_wlteh_webp_3
https://sns-webpic-qc.xhscdn.com/202411060911/fc43828380766bd8f116873de64fe084/1000g00822clkl8ofc0305ov1nh99teq18c5dfeo!nd_dft_wlteh_webp_3
https://sns-webpic-qc.xhscdn.com/202411060911/cc72c51418d91571f21a9603d3ffcc01/1000g00822clkl8ofc0505ov1nh99teq1he4ti20!nd_dft_wlteh_webp_3
https://sns-webpic-qc.xhscdn.com/202411060911/b68feef78760a64ae566bb7676f9f6bb/1000g00822clkl8ofc01g5ov1nh99teq17rghn8o!nd_dft_wlteh_webp_3
https://sns-webpic-qc.xhscdn.com/202411060911/74947c9bfc8693107932768afc7dcee9/1000g00822clkl8ofc03g5ov1nh99teq1pavdb9o!nd_dft_wlteh_webp_3
https://sns-webpic-qc.xhscdn.com/202411060911/3c181eb01746584954cb3e3c07efa06c/1000g00822clkl8ofc0405ov1nh99teq1jvk0gc0!nd_dft_wlteh_webp_3
https://sns-webpic-qc.xhscdn.com/202411060911/1eaefa09e341fbde10ef053f7aa83ccd/1000g00822clkl8ofc0105ov1nh99teq1bf61uv8!nd_dft_wlteh_webp_3
https://sns-webpic-qc.xhscdn.com/202411060911/7b15077d3c7530e58fa3a9c30bfe235c/1000g00822clkl8ofc00g5ov1nh99teq1nfhbvj0!nd_dft_wlteh_webp_3
https://sns-webpic-qc.xhscdn.com/202411060911/664e435374a04bbd9a309f25a519fd52/1000g00822clkl8ofc0605ov1nh99teq16juso08!nd_dft_wlteh_webp_3
https://sns-webpic-qc.xhscdn.com/202411060911/3f9c33729bc88be4d40c4b4769acbdcf/1000g00822clkl8ofc06g5ov1nh99teq15b4ckv8!nd_dft_wlteh_webp_3
",-,ç»¿èŒ¶çº¢èŒ¶é»„èŒ¶ç™½èŒ¶é’èŒ¶é»‘èŒ¶èŒ¶å¶ç±»å‹èŒ¶å¶å†²æ³¡æ–¹æ³•èŒ¶å¶å­˜æ”¾æ–¹æ³•èŒ¶å¶å·¥è‰º#èŒ¶#èŒ¶çŸ¥è¯†#èŒ¶ç™¾é“#å–èŒ¶#èŒ¶ç”Ÿæ´»#èŒ¶æ–‡åŒ–#æ³¡èŒ¶,71,5.5ä¸‡,840,2023-02-17,-,å°çº¢ä¹¦å·ï¼š5034625612,ğŸŒ¿èŒ¶å¶çŸ¥è¯†æ•´ç†åˆ†äº«â€¦â€¦,3,1.7ä¸‡,19.6ä¸‡,çº¦å®‰,å‡ºäº§ç»¿èŒ¶çš„è´µå·è¢«é»‘èŒ¶åŒ…å›´äº†,3 å¤©å‰,ä¸Šæµ·
ä¸­å›½å…­å¤§èŒ¶ç±»çŸ¥è¯†(çè—ç‰ˆ),Té¥®èŒ¶ä¸€ç›,https://www.xiaohongshu.com/search_result/63ef13ce000000001203d3ce?xsec_token=ABKxMPBlD5tVNxRYBdmHL-GIbs_6imgU01FkPxhyO_sYo=&xsec_source=pc_search,å›¾æ–‡,"https://sns-webpic-qc.xhscdn.com/202411060911/664e435374a04bbd9a309f25a519fd52/1000g00822clkl8ofc0605ov1nh99teq16juso08!nd_dft_wlteh_webp_3
https://sns-webpic-qc.xhscdn.com/202411060911/3f9c33729bc88be4d40c4b4769acbdcf/1000g00822clkl8ofc06g5ov1nh99teq15b4ckv8!nd_dft_wlteh_webp_3
https://sns-webpic-qc.xhscdn.com/202411060911/5a8986dadc140529b0e597ca8e64963d/1000g00822clkl8ofc05g5ov1nh99teq19nf2vq8!nd_dft_wlteh_webp_3
https://sns-webpic-qc.xhscdn.com/202411060911/b4fa5ff104633f4aef3dca0e45df2873/1000g00822clkl8ofc04g5ov1nh99teq1ijpo5eg!nd_dft_wlteh_webp_3
https://sns-webpic-qc.xhscdn.com/202411060911/fc43828380766bd8f116873de64fe084/1000g00822clkl8ofc0305ov1nh99teq18c5dfeo!nd_dft_wlteh_webp_3
https://sns-webpic-qc.xhscdn.com/202411060911/cc72c51418d91571f21a9603d3ffcc01/1000g00822clkl8ofc0505ov1nh99teq1he4ti20!nd_dft_wlteh_webp_3
https://sns-webpic-qc.xhscdn.com/202411060911/b68feef78760a64ae566bb7676f9f6bb/1000g00822clkl8ofc01g5ov1nh99teq17rghn8o!nd_dft_wlteh_webp_3
https://sns-webpic-qc.xhscdn.com/202411060911/74947c9bfc8693107932768afc7dcee9/1000g00822clkl8ofc03g5ov1nh99teq1pavdb9o!nd_dft_wlteh_webp_3
https://sns-webpic-qc.xhscdn.com/202411060911/3c181eb01746584954cb3e3c07efa06c/1000g00822clkl8ofc0405ov1nh99teq1jvk0gc0!nd_dft_wlteh_webp_3
https://sns-webpic-qc.xhscdn.com/202411060911/1eaefa09e341fbde10ef053f7aa83ccd/1000g00822clkl8ofc0105ov1nh99teq1bf61uv8!nd_dft_wlteh_webp_3
https://sns-webpic-qc.xhscdn.com/202411060911/7b15077d3c7530e58fa3a9c30bfe235c/1000g00822clkl8ofc00g5ov1nh99teq1nfhbvj0!nd_dft_wlteh_webp_3
https://sns-webpic-qc.xhscdn.com/202411060911/664e435374a04bbd9a309f25a519fd52/1000g00822clkl8ofc0605ov1nh99teq16juso08!nd_dft_wlteh_webp_3
https://sns-webpic-qc.xhscdn.com/202411060911/3f9c33729bc88be4d40c4b4769acbdcf/1000g00822clkl8ofc06g5ov1nh99teq15b4ckv8!nd_dft_wlteh_webp_3
",-,ç»¿èŒ¶çº¢èŒ¶é»„èŒ¶ç™½èŒ¶é’èŒ¶é»‘èŒ¶èŒ¶å¶ç±»å‹èŒ¶å¶å†²æ³¡æ–¹æ³•èŒ¶å¶å­˜æ”¾æ–¹æ³•èŒ¶å¶å·¥è‰º#èŒ¶#èŒ¶çŸ¥è¯†#èŒ¶ç™¾é“#å–èŒ¶#èŒ¶ç”Ÿæ´»#èŒ¶æ–‡åŒ–#æ³¡èŒ¶,71,5.5ä¸‡,840,2023-02-17,-,å°çº¢ä¹¦å·ï¼š5034625612,ğŸŒ¿èŒ¶å¶çŸ¥è¯†æ•´ç†åˆ†äº«â€¦â€¦,3,1.7ä¸‡,19.6ä¸‡,ç¼™äº‘å±±çš„ç”œèŒ¶å¦¹å„¿,ä¸€ç›´å¯¹çº¢ç¢èŒ¶ä¸å¤ªç†è§£,10-29,é‡åº†
ä¸­å›½å…­å¤§èŒ¶ç±»çŸ¥è¯†(çè—ç‰ˆ),Té¥®èŒ¶ä¸€ç›,https://www.xiaohongshu.com/search_result/63ef13ce000000001203d3ce?xsec_token=ABKxMPBlD5tVNxRYBdmHL-GIbs_6imgU01FkPxhyO_sYo=&xsec_source=pc_search,å›¾æ–‡,"https://sns-webpic-qc.xhscdn.com/202411060911/664e435374a04bbd9a309f25a519fd52/1000g00822clkl8ofc0605ov1nh99teq16juso08!nd_dft_wlteh_webp_3
https://sns-webpic-qc.xhscdn.com/202411060911/3f9c33729bc88be4d40c4b4769acbdcf/1000g00822clkl8ofc06g5ov1nh99teq15b4ckv8!nd_dft_wlteh_webp_3
https://sns-webpic-qc.xhscdn.com/202411060911/5a8986dadc140529b0e597ca8e64963d/1000g00822clkl8ofc05g5ov1nh99teq19nf2vq8!nd_dft_wlteh_webp_3
https://sns-webpic-qc.xhscdn.com/202411060911/b4fa5ff104633f4aef3dca0e45df2873/1000g00822clkl8ofc04g5ov1nh99teq1ijpo5eg!nd_dft_wlteh_webp_3
https://sns-webpic-qc.xhscdn.com/202411060911/fc43828380766bd8f116873de64fe084/1000g00822clkl8ofc0305ov1nh99teq18c5dfeo!nd_dft_wlteh_webp_3
https://sns-webpic-qc.xhscdn.com/202411060911/cc72c51418d91571f21a9603d3ffcc01/1000g00822clkl8ofc0505ov1nh99teq1he4ti20!nd_dft_wlteh_webp_3
https://sns-webpic-qc.xhscdn.com/202411060911/b68feef78760a64ae566bb7676f9f6bb/1000g00822clkl8ofc01g5ov1nh99teq17rghn8o!nd_dft_wlteh_webp_3
https://sns-webpic-qc.xhscdn.com/202411060911/74947c9bfc8693107932768afc7dcee9/1000g00822clkl8ofc03g5ov1nh99teq1pavdb9o!nd_dft_wlteh_webp_3
https://sns-webpic-qc.xhscdn.com/202411060911/3c181eb01746584954cb3e3c07efa06c/1000g00822clkl8ofc0405ov1nh99teq1jvk0gc0!nd_dft_wlteh_webp_3
https://sns-webpic-qc.xhscdn.com/202411060911/1eaefa09e341fbde10ef053f7aa83ccd/1000g00822clkl8ofc0105ov1nh99teq1bf61uv8!nd_dft_wlteh_webp_3
https://sns-webpic-qc.xhscdn.com/202411060911/7b15077d3c7530e58fa3a9c30bfe235c/1000g00822clkl8ofc00g5ov1nh99teq1nfhbvj0!nd_dft_wlteh_webp_3
https://sns-webpic-qc.xhscdn.com/202411060911/664e435374a04bbd9a309f25a519fd52/1000g00822clkl8ofc0605ov1nh99teq16juso08!nd_dft_wlteh_webp_3
https://sns-webpic-qc.xhscdn.com/202411060911/3f9c33729bc88be4d40c4b4769acbdcf/1000g00822clkl8ofc06g5ov1nh99teq15b4ckv8!nd_dft_wlteh_webp_3
",-,ç»¿èŒ¶çº¢èŒ¶é»„èŒ¶ç™½èŒ¶é’èŒ¶é»‘èŒ¶èŒ¶å¶ç±»å‹èŒ¶å¶å†²æ³¡æ–¹æ³•èŒ¶å¶å­˜æ”¾æ–¹æ³•èŒ¶å¶å·¥è‰º#èŒ¶#èŒ¶çŸ¥è¯†#èŒ¶ç™¾é“#å–èŒ¶#èŒ¶ç”Ÿæ´»#èŒ¶æ–‡åŒ–#æ³¡èŒ¶,71,5.5ä¸‡,840,2023-02-17,-,å°çº¢ä¹¦å·ï¼š5034625612,ğŸŒ¿èŒ¶å¶çŸ¥è¯†æ•´ç†åˆ†äº«â€¦â€¦,3,1.7ä¸‡,19.6ä¸‡,ç‹¬è¡Œçš„çµé­‚,é“è§‚éŸ³ä¸æ˜¯ç»¿èŒ¶å•Š,10-18,æµ™æ±Ÿ
ä¸­å›½å…­å¤§èŒ¶ç±»çŸ¥è¯†(çè—ç‰ˆ),Té¥®èŒ¶ä¸€ç›,https://www.xiaohongshu.com/search_result/63ef13ce000000001203d3ce?xsec_token=ABKxMPBlD5tVNxRYBdmHL-GIbs_6imgU01FkPxhyO_sYo=&xsec_source=pc_search,å›¾æ–‡,"https://sns-webpic-qc.xhscdn.com/202411060911/664e435374a04bbd9a309f25a519fd52/1000g00822clkl8ofc0605ov1nh99teq16juso08!nd_dft_wlteh_webp_3
https://sns-webpic-qc.xhscdn.com/202411060911/3f9c33729bc88be4d40c4b4769acbdcf/1000g00822clkl8ofc06g5ov1nh99teq15b4ckv8!nd_dft_wlteh_webp_3
https://sns-webpic-qc.xhscdn.com/202411060911/5a8986dadc140529b0e597ca8e64963d/1000g00822clkl8ofc05g5ov1nh99teq19nf2vq8!nd_dft_wlteh_webp_3
https://sns-webpic-qc.xhscdn.com/202411060911/b4fa5ff104633f4aef3dca0e45df2873/1000g00822clkl8ofc04g5ov1nh99teq1ijpo5eg!nd_dft_wlteh_webp_3
https://sns-webpic-qc.xhscdn.com/202411060911/fc43828380766bd8f116873de64fe084/1000g00822clkl8ofc0305ov1nh99teq18c5dfeo!nd_dft_wlteh_webp_3
https://sns-webpic-qc.xhscdn.com/202411060911/cc72c51418d91571f21a9603d3ffcc01/1000g00822clkl8ofc0505ov1nh99teq1he4ti20!nd_dft_wlteh_webp_3
https://sns-webpic-qc.xhscdn.com/202411060911/b68feef78760a64ae566bb7676f9f6bb/1000g00822clkl8ofc01g5ov1nh99teq17rghn8o!nd_dft_wlteh_webp_3
https://sns-webpic-qc.xhscdn.com/202411060911/74947c9bfc8693107932768afc7dcee9/1000g00822clkl8ofc03g5ov1nh99teq1pavdb9o!nd_dft_wlteh_webp_3
https://sns-webpic-qc.xhscdn.com/202411060911/3c181eb01746584954cb3e3c07efa06c/1000g00822clkl8ofc0405ov1nh99teq1jvk0gc0!nd_dft_wlteh_webp_3
https://sns-webpic-qc.xhscdn.com/202411060911/1eaefa09e341fbde10ef053f7aa83ccd/1000g00822clkl8ofc0105ov1nh99teq1bf61uv8!nd_dft_wlteh_webp_3
https://sns-webpic-qc.xhscdn.com/202411060911/7b15077d3c7530e58fa3a9c30bfe235c/1000g00822clkl8ofc00g5ov1nh99teq1nfhbvj0!nd_dft_wlteh_webp_3
https://sns-webpic-qc.xhscdn.com/202411060911/664e435374a04bbd9a309f25a519fd52/1000g00822clkl8ofc0605ov1nh99teq16juso08!nd_dft_wlteh_webp_3
https://sns-webpic-qc.xhscdn.com/202411060911/3f9c33729bc88be4d40c4b4769acbdcf/1000g00822clkl8ofc06g5ov1nh99teq15b4ckv8!nd_dft_wlteh_webp_3
",-,ç»¿èŒ¶çº¢èŒ¶é»„èŒ¶ç™½èŒ¶é’èŒ¶é»‘èŒ¶èŒ¶å¶ç±»å‹èŒ¶å¶å†²æ³¡æ–¹æ³•èŒ¶å¶å­˜æ”¾æ–¹æ³•èŒ¶å¶å·¥è‰º#èŒ¶#èŒ¶çŸ¥è¯†#èŒ¶ç™¾é“#å–èŒ¶#èŒ¶ç”Ÿæ´»#èŒ¶æ–‡åŒ–#æ³¡èŒ¶,71,5.5ä¸‡,840,2023-02-17,-,å°çº¢ä¹¦å·ï¼š5034625612,ğŸŒ¿èŒ¶å¶çŸ¥è¯†æ•´ç†åˆ†äº«â€¦â€¦,3,1.7ä¸‡,19.6ä¸‡,ä¸ƒå¤©å†…å¯ä¿®æ”¹ä¸€æ¬¡åå­—,å®‰å¾½é»‘èŒ¶è¿˜æ˜¯å®‰åŒ–é»‘èŒ¶,10-13,å®‰å¾½
å§å¦¹ä½ ç¡®å®šä¸è¯•è¯•ï¼Œè‡ªå·±åœ¨å®¶æŸ“å‘å˜›ï¼Ÿï¼Ÿï¼Ÿ,å¥ä¹åº·,https://www.xiaohongshu.com/search_result/66c6a29f000000001d039a98?xsec_token=AB1fo2NbG5eCFLMpX4pc9M1KIOXbKk8fjGo5M4MCDNYmk=&xsec_source=pc_search,å›¾æ–‡,"https://sns-webpic-qc.xhscdn.com/202411060927/34e284f22d93d962df6ed16554c54556/spectrum/1040g34o316plf1o80m0g4a0rjucjfpitffshe08!nd_dft_wlteh_webp_3
https://sns-webpic-qc.xhscdn.com/202411060927/1a33e680a080276688903e8f11fff3cb/spectrum/1040g34o316plf1l8go004a0rjucjfpitfv7i5e8!nd_dft_wlteh_webp_3
https://sns-webpic-qc.xhscdn.com/202411060927/8cf0648ce5e1250e9c23859be62baab4/spectrum/1040g0k0316plf1hd0o004a0rjucjfpitjtbqa30!nd_dft_wlteh_webp_3
https://sns-webpic-qc.xhscdn.com/202411060927/34e284f22d93d962df6ed16554c54556/spectrum/1040g34o316plf1o80m0g4a0rjucjfpitffshe08!nd_dft_wlteh_webp_3
https://sns-webpic-qc.xhscdn.com/202411060927/1a33e680a080276688903e8f11fff3cb/spectrum/1040g34o316plf1l8go004a0rjucjfpitfv7i5e8!nd_dft_wlteh_webp_3
",-,å››æ¬¾æ¤ç‰©æŸ“å‘å‰‚ï¼Œçœ‹ä¸‹ä½ æœ€å–œæ¬¢å“ªä¸ª ã€è‡ªç„¶é»‘ã€‘é€‚åˆä¹°ç»™çˆ¶æ¯ç”¨æ¥ç›–ç™½å‘ï¼Œæ˜¯æœ€å¥½çš„é€‰æ‹©å›ºè‰²æŒä¹…ï¼Œç›–ç™½å‘åŠ›åº¦å¼º ã€é»‘èŒ¶è‰²ã€‘é€‚åˆæ‰€æœ‰äººç¾¤ä½¿ç”¨ï¼Œéå¸¸è‡ªç„¶çš„ä¸€æ¬¾æ·±æ£•è‰²ï¼Œåœ¨å®¤å†…å°±æ˜¯åé»‘ï¼Œåœ¨å®¤å¤–ä¸€ç‚¹ç‚¹æ£•è‰²ã€‚ ã€æ —æ£•è‰²ã€‘éå¸¸æ˜¾ç™½çš„ä¸€æ¬¾é¢œè‰²ï¼Œæ—¶å°šæ˜¾ç™½ï¼Œåˆä¸æ‰çœ¼ï¼Œéå¸¸ä½è°ƒçš„ä¸€æ¬¾æ£•è‰² ã€å’–å•¡è‰²ã€‘éå¸¸æ´‹æ°”æ˜¾ç™½çš„é¢œè‰²ï¼Œå¾ˆé€‚åˆå¤å¤©çš„ä¸€æ¬¾äº®è‰²ç³»å‘è‰²ï¼Œå–œæ¬¢åŒ–å¦†çš„å§å¦¹ï¼Œé—­çœ¼å…¥ï¼Œæ‹ç…§ä¹Ÿå‡ºç‰‡ã€‚ #æŸ“å‘è†  #æŸ“å‘å‰‚  #æ˜¾ç™½æŸ“å‘  #ç›–ç™½å‘  #æŸ“å‘  #æ¤ç‰©æŸ“å‘å‰‚  #å¥ä¹åº·æ¤ç‰©æŸ“å‘å‰‚  #å¥½ç”¨çš„æŸ“å‘å‰‚  #è‡ªå·±åœ¨å®¶æŸ“å‘è†æ¨è  #ä¸­è€å¹´äººæŸ“å‘å‰‚,0,141,128,ç¼–è¾‘äº 08-22,IPå±åœ°ï¼šæ¹–åŒ—,å°çº¢ä¹¦å·ï¼š635464484,å¥ä¹åº·å“ç‰Œ-ä¸“ç ”æ¤ç‰©æŸ“æŠ¤ï¼,10,564,9787,å¹¸è¿,æœ‰å‘³é“å—,10-11,æ–°ç–†
å§å¦¹ä½ ç¡®å®šä¸è¯•è¯•ï¼Œè‡ªå·±åœ¨å®¶æŸ“å‘å˜›ï¼Ÿï¼Ÿï¼Ÿ,å¥ä¹åº·,https://www.xiaohongshu.com/search_result/66c6a29f000000001d039a98?xsec_token=AB1fo2NbG5eCFLMpX4pc9M1KIOXbKk8fjGo5M4MCDNYmk=&xsec_source=pc_search,å›¾æ–‡,"https://sns-webpic-qc.xhscdn.com/202411060927/34e284f22d93d962df6ed16554c54556/spectrum/1040g34o316plf1o80m0g4a0rjucjfpitffshe08!nd_dft_wlteh_webp_3
https://sns-webpic-qc.xhscdn.com/202411060927/1a33e680a080276688903e8f11fff3cb/spectrum/1040g34o316plf1l8go004a0rjucjfpitfv7i5e8!nd_dft_wlteh_webp_3
https://sns-webpic-qc.xhscdn.com/202411060927/8cf0648ce5e1250e9c23859be62baab4/spectrum/1040g0k0316plf1hd0o004a0rjucjfpitjtbqa30!nd_dft_wlteh_webp_3
https://sns-webpic-qc.xhscdn.com/202411060927/34e284f22d93d962df6ed16554c54556/spectrum/1040g34o316plf1o80m0g4a0rjucjfpitffshe08!nd_dft_wlteh_webp_3
https://sns-webpic-qc.xhscdn.com/202411060927/1a33e680a080276688903e8f11fff3cb/spectrum/1040g34o316plf1l8go004a0rjucjfpitfv7i5e8!nd_dft_wlteh_webp_3
",-,å››æ¬¾æ¤ç‰©æŸ“å‘å‰‚ï¼Œçœ‹ä¸‹ä½ æœ€å–œæ¬¢å“ªä¸ª ã€è‡ªç„¶é»‘ã€‘é€‚åˆä¹°ç»™çˆ¶æ¯ç”¨æ¥ç›–ç™½å‘ï¼Œæ˜¯æœ€å¥½çš„é€‰æ‹©å›ºè‰²æŒä¹…ï¼Œç›–ç™½å‘åŠ›åº¦å¼º ã€é»‘èŒ¶è‰²ã€‘é€‚åˆæ‰€æœ‰äººç¾¤ä½¿ç”¨ï¼Œéå¸¸è‡ªç„¶çš„ä¸€æ¬¾æ·±æ£•è‰²ï¼Œåœ¨å®¤å†…å°±æ˜¯åé»‘ï¼Œåœ¨å®¤å¤–ä¸€ç‚¹ç‚¹æ£•è‰²ã€‚ ã€æ —æ£•è‰²ã€‘éå¸¸æ˜¾ç™½çš„ä¸€æ¬¾é¢œè‰²ï¼Œæ—¶å°šæ˜¾ç™½ï¼Œåˆä¸æ‰çœ¼ï¼Œéå¸¸ä½è°ƒçš„ä¸€æ¬¾æ£•è‰² ã€å’–å•¡è‰²ã€‘éå¸¸æ´‹æ°”æ˜¾ç™½çš„é¢œè‰²ï¼Œå¾ˆé€‚åˆå¤å¤©çš„ä¸€æ¬¾äº®è‰²ç³»å‘è‰²ï¼Œå–œæ¬¢åŒ–å¦†çš„å§å¦¹ï¼Œé—­çœ¼å…¥ï¼Œæ‹ç…§ä¹Ÿå‡ºç‰‡ã€‚ #æŸ“å‘è†  #æŸ“å‘å‰‚  #æ˜¾ç™½æŸ“å‘  #ç›–ç™½å‘  #æŸ“å‘  #æ¤ç‰©æŸ“å‘å‰‚  #å¥ä¹åº·æ¤ç‰©æŸ“å‘å‰‚  #å¥½ç”¨çš„æŸ“å‘å‰‚  #è‡ªå·±åœ¨å®¶æŸ“å‘è†æ¨è  #ä¸­è€å¹´äººæŸ“å‘å‰‚,0,141,128,ç¼–è¾‘äº 08-22,IPå±åœ°ï¼šæ¹–åŒ—,å°çº¢ä¹¦å·ï¼š635464484,å¥ä¹åº·å“ç‰Œ-ä¸“ç ”æ¤ç‰©æŸ“æŠ¤ï¼,10,564,9787,YSo_so.,åˆ°é”éª¨è¦å¤šå°‘ç›’ï¼Ÿ,10-21,å¹¿è¥¿
å§å¦¹ä½ ç¡®å®šä¸è¯•è¯•ï¼Œè‡ªå·±åœ¨å®¶æŸ“å‘å˜›ï¼Ÿï¼Ÿï¼Ÿ,å¥ä¹åº·,https://www.xiaohongshu.com/search_result/66c6a29f000000001d039a98?xsec_token=AB1fo2NbG5eCFLMpX4pc9M1KIOXbKk8fjGo5M4MCDNYmk=&xsec_source=pc_search,å›¾æ–‡,"https://sns-webpic-qc.xhscdn.com/202411060927/34e284f22d93d962df6ed16554c54556/spectrum/1040g34o316plf1o80m0g4a0rjucjfpitffshe08!nd_dft_wlteh_webp_3
https://sns-webpic-qc.xhscdn.com/202411060927/1a33e680a080276688903e8f11fff3cb/spectrum/1040g34o316plf1l8go004a0rjucjfpitfv7i5e8!nd_dft_wlteh_webp_3
https://sns-webpic-qc.xhscdn.com/202411060927/8cf0648ce5e1250e9c23859be62baab4/spectrum/1040g0k0316plf1hd0o004a0rjucjfpitjtbqa30!nd_dft_wlteh_webp_3
https://sns-webpic-qc.xhscdn.com/202411060927/34e284f22d93d962df6ed16554c54556/spectrum/1040g34o316plf1o80m0g4a0rjucjfpitffshe08!nd_dft_wlteh_webp_3
https://sns-webpic-qc.xhscdn.com/202411060927/1a33e680a080276688903e8f11fff3cb/spectrum/1040g34o316plf1l8go004a0rjucjfpitfv7i5e8!nd_dft_wlteh_webp_3
",-,å››æ¬¾æ¤ç‰©æŸ“å‘å‰‚ï¼Œçœ‹ä¸‹ä½ æœ€å–œæ¬¢å“ªä¸ª ã€è‡ªç„¶é»‘ã€‘é€‚åˆä¹°ç»™çˆ¶æ¯ç”¨æ¥ç›–ç™½å‘ï¼Œæ˜¯æœ€å¥½çš„é€‰æ‹©å›ºè‰²æŒä¹…ï¼Œç›–ç™½å‘åŠ›åº¦å¼º ã€é»‘èŒ¶è‰²ã€‘é€‚åˆæ‰€æœ‰äººç¾¤ä½¿ç”¨ï¼Œéå¸¸è‡ªç„¶çš„ä¸€æ¬¾æ·±æ£•è‰²ï¼Œåœ¨å®¤å†…å°±æ˜¯åé»‘ï¼Œåœ¨å®¤å¤–ä¸€ç‚¹ç‚¹æ£•è‰²ã€‚ ã€æ —æ£•è‰²ã€‘éå¸¸æ˜¾ç™½çš„ä¸€æ¬¾é¢œè‰²ï¼Œæ—¶å°šæ˜¾ç™½ï¼Œåˆä¸æ‰çœ¼ï¼Œéå¸¸ä½è°ƒçš„ä¸€æ¬¾æ£•è‰² ã€å’–å•¡è‰²ã€‘éå¸¸æ´‹æ°”æ˜¾ç™½çš„é¢œè‰²ï¼Œå¾ˆé€‚åˆå¤å¤©çš„ä¸€æ¬¾äº®è‰²ç³»å‘è‰²ï¼Œå–œæ¬¢åŒ–å¦†çš„å§å¦¹ï¼Œé—­çœ¼å…¥ï¼Œæ‹ç…§ä¹Ÿå‡ºç‰‡ã€‚ #æŸ“å‘è†  #æŸ“å‘å‰‚  #æ˜¾ç™½æŸ“å‘  #ç›–ç™½å‘  #æŸ“å‘  #æ¤ç‰©æŸ“å‘å‰‚  #å¥ä¹åº·æ¤ç‰©æŸ“å‘å‰‚  #å¥½ç”¨çš„æŸ“å‘å‰‚  #è‡ªå·±åœ¨å®¶æŸ“å‘è†æ¨è  #ä¸­è€å¹´äººæŸ“å‘å‰‚,0,141,128,ç¼–è¾‘äº 08-22,IPå±åœ°ï¼šæ¹–åŒ—,å°çº¢ä¹¦å·ï¼š635464484,å¥ä¹åº·å“ç‰Œ-ä¸“ç ”æ¤ç‰©æŸ“æŠ¤ï¼,10,564,9787,å¿˜å·-,é›†ç¾ å¸ƒä¸æ¨èå•¥å‘€,7 å¤©å‰,äº‘å—
å§å¦¹ä½ ç¡®å®šä¸è¯•è¯•ï¼Œè‡ªå·±åœ¨å®¶æŸ“å‘å˜›ï¼Ÿï¼Ÿï¼Ÿ,å¥ä¹åº·,https://www.xiaohongshu.com/search_result/66c6a29f000000001d039a98?xsec_token=AB1fo2NbG5eCFLMpX4pc9M1KIOXbKk8fjGo5M4MCDNYmk=&xsec_source=pc_search,å›¾æ–‡,"https://sns-webpic-qc.xhscdn.com/202411060927/34e284f22d93d962df6ed16554c54556/spectrum/1040g34o316plf1o80m0g4a0rjucjfpitffshe08!nd_dft_wlteh_webp_3
https://sns-webpic-qc.xhscdn.com/202411060927/1a33e680a080276688903e8f11fff3cb/spectrum/1040g34o316plf1l8go004a0rjucjfpitfv7i5e8!nd_dft_wlteh_webp_3
https://sns-webpic-qc.xhscdn.com/202411060927/8cf0648ce5e1250e9c23859be62baab4/spectrum/1040g0k0316plf1hd0o004a0rjucjfpitjtbqa30!nd_dft_wlteh_webp_3
https://sns-webpic-qc.xhscdn.com/202411060927/34e284f22d93d962df6ed16554c54556/spectrum/1040g34o316plf1o80m0g4a0rjucjfpitffshe08!nd_dft_wlteh_webp_3
https://sns-webpic-qc.xhscdn.com/202411060927/1a33e680a080276688903e8f11fff3cb/spectrum/1040g34o316plf1l8go004a0rjucjfpitfv7i5e8!nd_dft_wlteh_webp_3
",-,å››æ¬¾æ¤ç‰©æŸ“å‘å‰‚ï¼Œçœ‹ä¸‹ä½ æœ€å–œæ¬¢å“ªä¸ª ã€è‡ªç„¶é»‘ã€‘é€‚åˆä¹°ç»™çˆ¶æ¯ç”¨æ¥ç›–ç™½å‘ï¼Œæ˜¯æœ€å¥½çš„é€‰æ‹©å›ºè‰²æŒä¹…ï¼Œç›–ç™½å‘åŠ›åº¦å¼º ã€é»‘èŒ¶è‰²ã€‘é€‚åˆæ‰€æœ‰äººç¾¤ä½¿ç”¨ï¼Œéå¸¸è‡ªç„¶çš„ä¸€æ¬¾æ·±æ£•è‰²ï¼Œåœ¨å®¤å†…å°±æ˜¯åé»‘ï¼Œåœ¨å®¤å¤–ä¸€ç‚¹ç‚¹æ£•è‰²ã€‚ ã€æ —æ£•è‰²ã€‘éå¸¸æ˜¾ç™½çš„ä¸€æ¬¾é¢œè‰²ï¼Œæ—¶å°šæ˜¾ç™½ï¼Œåˆä¸æ‰çœ¼ï¼Œéå¸¸ä½è°ƒçš„ä¸€æ¬¾æ£•è‰² ã€å’–å•¡è‰²ã€‘éå¸¸æ´‹æ°”æ˜¾ç™½çš„é¢œè‰²ï¼Œå¾ˆé€‚åˆå¤å¤©çš„ä¸€æ¬¾äº®è‰²ç³»å‘è‰²ï¼Œå–œæ¬¢åŒ–å¦†çš„å§å¦¹ï¼Œé—­çœ¼å…¥ï¼Œæ‹ç…§ä¹Ÿå‡ºç‰‡ã€‚ #æŸ“å‘è†  #æŸ“å‘å‰‚  #æ˜¾ç™½æŸ“å‘  #ç›–ç™½å‘  #æŸ“å‘  #æ¤ç‰©æŸ“å‘å‰‚  #å¥ä¹åº·æ¤ç‰©æŸ“å‘å‰‚  #å¥½ç”¨çš„æŸ“å‘å‰‚  #è‡ªå·±åœ¨å®¶æŸ“å‘è†æ¨è  #ä¸­è€å¹´äººæŸ“å‘å‰‚,0,141,128,ç¼–è¾‘äº 08-22,IPå±åœ°ï¼šæ¹–åŒ—,å°çº¢ä¹¦å·ï¼š635464484,å¥ä¹åº·å“ç‰Œ-ä¸“ç ”æ¤ç‰©æŸ“æŠ¤ï¼,10,564,9787,å­¤å‚²,æ‹äº†çœ‹çœ‹æ•ˆæœ,5 å¤©å‰,å¹¿ä¸œ
æ´»åŠ¨,å¤é›¨,https://www.xiaohongshu.com/search_result/66baee48000000000503aff1?xsec_token=ABAftJvfwSWfAZo9ZUVl-a9_iFEQwh2C5VqleONk1hK5c=&xsec_source=pc_search,å›¾æ–‡,"https://sns-webpic-qc.xhscdn.com/202411060932/253cc4afa6e40485b88d80b07cae7435/1040g008316e7qj491c205n3bicp49i5ikcg3tq8!nd_dft_wlteh_webp_3
https://sns-webpic-qc.xhscdn.com/202411060932/d498939e67bc8bd8d764f3f9b26a6a2f/1040g008316e7qj491c005n3bicp49i5ifuso4f8!nd_dft_wlteh_webp_3
https://sns-webpic-qc.xhscdn.com/202411060932/3420089aa33f02163671fad7cd465940/1040g008316e7qj491c0g5n3bicp49i5ib95qijg!nd_dft_wlteh_webp_3
https://sns-webpic-qc.xhscdn.com/202411060932/986e70fff5a09e3e6366089083eea958/1040g008316e7qj491c105n3bicp49i5i9j39si0!nd_dft_wlteh_webp_3
https://sns-webpic-qc.xhscdn.com/202411060932/bd93385c7675cafc61192fa817142f9c/1040g008316e7qj491c1g5n3bicp49i5i6vqohq0!nd_dft_wlteh_webp_3
https://sns-webpic-qc.xhscdn.com/202411060932/253cc4afa6e40485b88d80b07cae7435/1040g008316e7qj491c205n3bicp49i5ikcg3tq8!nd_dft_wlteh_webp_3
https://sns-webpic-qc.xhscdn.com/202411060932/d498939e67bc8bd8d764f3f9b26a6a2f/1040g008316e7qj491c005n3bicp49i5ifuso4f8!nd_dft_wlteh_webp_3
",-,2024ç§‹å†¬çƒ­é—¨å…æ¼‚æ˜¾ç™½å‘è‰²ğŸ”¥æ°›å›´æ„Ÿæ‹‰æ»¡|||ç´ é¢œé»„çš®æ˜¾ç™½çš„1âƒ£ï¸2âƒ£ï¸æ¬¾å…æ¼‚å‘è‰²åˆ†äº«ğŸ’• è°æŸ“è°å¥½çœ‹çš„æ°›å›´æ„Ÿæ£•è‰²ç³»å‘è‰² é‡ç‚¹æ˜¯éƒ½ä¸ç”¨æ¼‚ ä¸æŒ‘è‚¤è‰²ä¸æŒ‘äººç¾¤â€¼ï¸#è¶Šæ‰è‰²è¶Šå¥½çœ‹çš„å‘è‰²#éŸ©ç³»å‘è‰²#å‘è‰²åˆ†äº«#å¥½çœ‹çš„å‘è‰² è¿™ä¸ªç§‹å†¬å¿«æ¥è¯•è¯•æ·±æ£•è‰²ç³»çš„å‘è‰²å­ï¼ ğŸ’•é»‘èŒ¶è‰² ğŸ’•èŒ¶æ£•è‰² ğŸ’•äºšéº»é’æ£• ğŸ’•æ‘©å¡æ£• ğŸ’•å†·èŒ¶æ£• ğŸ’•èœœèŒ¶æ£• ğŸ’•æ —æ£•è‰² ğŸ’•å¥¶èŒ¶æ£• ğŸ’•äºšéº»æ£•,15,8541,172,08-13,IPå±åœ°ï¼šå››å·,å°çº¢ä¹¦å·ï¼šw3150987196,æˆéƒ½moderm times,17,174,2.8ä¸‡,è‰è“ğŸ“å°–å°–,è¿™æ˜¯èŒ¶æ£•è¿˜æ˜¯æ —æ£•,10-12,é™•è¥¿
æ´»åŠ¨,å¤é›¨,https://www.xiaohongshu.com/search_result/66baee48000000000503aff1?xsec_token=ABAftJvfwSWfAZo9ZUVl-a9_iFEQwh2C5VqleONk1hK5c=&xsec_source=pc_search,å›¾æ–‡,"https://sns-webpic-qc.xhscdn.com/202411060932/253cc4afa6e40485b88d80b07cae7435/1040g008316e7qj491c205n3bicp49i5ikcg3tq8!nd_dft_wlteh_webp_3
https://sns-webpic-qc.xhscdn.com/202411060932/d498939e67bc8bd8d764f3f9b26a6a2f/1040g008316e7qj491c005n3bicp49i5ifuso4f8!nd_dft_wlteh_webp_3
https://sns-webpic-qc.xhscdn.com/202411060932/3420089aa33f02163671fad7cd465940/1040g008316e7qj491c0g5n3bicp49i5ib95qijg!nd_dft_wlteh_webp_3
https://sns-webpic-qc.xhscdn.com/202411060932/986e70fff5a09e3e6366089083eea958/1040g008316e7qj491c105n3bicp49i5i9j39si0!nd_dft_wlteh_webp_3
https://sns-webpic-qc.xhscdn.com/202411060932/bd93385c7675cafc61192fa817142f9c/1040g008316e7qj491c1g5n3bicp49i5i6vqohq0!nd_dft_wlteh_webp_3
https://sns-webpic-qc.xhscdn.com/202411060932/253cc4afa6e40485b88d80b07cae7435/1040g008316e7qj491c205n3bicp49i5ikcg3tq8!nd_dft_wlteh_webp_3
https://sns-webpic-qc.xhscdn.com/202411060932/d498939e67bc8bd8d764f3f9b26a6a2f/1040g008316e7qj491c005n3bicp49i5ifuso4f8!nd_dft_wlteh_webp_3
",-,2024ç§‹å†¬çƒ­é—¨å…æ¼‚æ˜¾ç™½å‘è‰²ğŸ”¥æ°›å›´æ„Ÿæ‹‰æ»¡|||ç´ é¢œé»„çš®æ˜¾ç™½çš„1âƒ£ï¸2âƒ£ï¸æ¬¾å…æ¼‚å‘è‰²åˆ†äº«ğŸ’• è°æŸ“è°å¥½çœ‹çš„æ°›å›´æ„Ÿæ£•è‰²ç³»å‘è‰² é‡ç‚¹æ˜¯éƒ½ä¸ç”¨æ¼‚ ä¸æŒ‘è‚¤è‰²ä¸æŒ‘äººç¾¤â€¼ï¸#è¶Šæ‰è‰²è¶Šå¥½çœ‹çš„å‘è‰²#éŸ©ç³»å‘è‰²#å‘è‰²åˆ†äº«#å¥½çœ‹çš„å‘è‰² è¿™ä¸ªç§‹å†¬å¿«æ¥è¯•è¯•æ·±æ£•è‰²ç³»çš„å‘è‰²å­ï¼ ğŸ’•é»‘èŒ¶è‰² ğŸ’•èŒ¶æ£•è‰² ğŸ’•äºšéº»é’æ£• ğŸ’•æ‘©å¡æ£• ğŸ’•å†·èŒ¶æ£• ğŸ’•èœœèŒ¶æ£• ğŸ’•æ —æ£•è‰² ğŸ’•å¥¶èŒ¶æ£• ğŸ’•äºšéº»æ£•,15,8541,172,08-13,IPå±åœ°ï¼šå››å·,å°çº¢ä¹¦å·ï¼šw3150987196,æˆéƒ½moderm times,17,174,2.8ä¸‡,é»çœ·æš®,è¯·é—®è¿™æ˜¯ä»€ä¹ˆæ£•å‘€ï¼Ÿæ„Ÿè§‰å¥½å¥½çœ‹,10-20,æ¹–åŒ—
æ´»åŠ¨,å¤é›¨,https://www.xiaohongshu.com/search_result/66baee48000000000503aff1?xsec_token=ABAftJvfwSWfAZo9ZUVl-a9_iFEQwh2C5VqleONk1hK5c=&xsec_source=pc_search,å›¾æ–‡,"https://sns-webpic-qc.xhscdn.com/202411060932/253cc4afa6e40485b88d80b07cae7435/1040g008316e7qj491c205n3bicp49i5ikcg3tq8!nd_dft_wlteh_webp_3
https://sns-webpic-qc.xhscdn.com/202411060932/d498939e67bc8bd8d764f3f9b26a6a2f/1040g008316e7qj491c005n3bicp49i5ifuso4f8!nd_dft_wlteh_webp_3
https://sns-webpic-qc.xhscdn.com/202411060932/3420089aa33f02163671fad7cd465940/1040g008316e7qj491c0g5n3bicp49i5ib95qijg!nd_dft_wlteh_webp_3
https://sns-webpic-qc.xhscdn.com/202411060932/986e70fff5a09e3e6366089083eea958/1040g008316e7qj491c105n3bicp49i5i9j39si0!nd_dft_wlteh_webp_3
https://sns-webpic-qc.xhscdn.com/202411060932/bd93385c7675cafc61192fa817142f9c/1040g008316e7qj491c1g5n3bicp49i5i6vqohq0!nd_dft_wlteh_webp_3
https://sns-webpic-qc.xhscdn.com/202411060932/253cc4afa6e40485b88d80b07cae7435/1040g008316e7qj491c205n3bicp49i5ikcg3tq8!nd_dft_wlteh_webp_3
https://sns-webpic-qc.xhscdn.com/202411060932/d498939e67bc8bd8d764f3f9b26a6a2f/1040g008316e7qj491c005n3bicp49i5ifuso4f8!nd_dft_wlteh_webp_3
",-,2024ç§‹å†¬çƒ­é—¨å…æ¼‚æ˜¾ç™½å‘è‰²ğŸ”¥æ°›å›´æ„Ÿæ‹‰æ»¡|||ç´ é¢œé»„çš®æ˜¾ç™½çš„1âƒ£ï¸2âƒ£ï¸æ¬¾å…æ¼‚å‘è‰²åˆ†äº«ğŸ’• è°æŸ“è°å¥½çœ‹çš„æ°›å›´æ„Ÿæ£•è‰²ç³»å‘è‰² é‡ç‚¹æ˜¯éƒ½ä¸ç”¨æ¼‚ ä¸æŒ‘è‚¤è‰²ä¸æŒ‘äººç¾¤â€¼ï¸#è¶Šæ‰è‰²è¶Šå¥½çœ‹çš„å‘è‰²#éŸ©ç³»å‘è‰²#å‘è‰²åˆ†äº«#å¥½çœ‹çš„å‘è‰² è¿™ä¸ªç§‹å†¬å¿«æ¥è¯•è¯•æ·±æ£•è‰²ç³»çš„å‘è‰²å­ï¼ ğŸ’•é»‘èŒ¶è‰² ğŸ’•èŒ¶æ£•è‰² ğŸ’•äºšéº»é’æ£• ğŸ’•æ‘©å¡æ£• ğŸ’•å†·èŒ¶æ£• ğŸ’•èœœèŒ¶æ£• ğŸ’•æ —æ£•è‰² ğŸ’•å¥¶èŒ¶æ£• ğŸ’•äºšéº»æ£•,15,8541,172,08-13,IPå±åœ°ï¼šå››å·,å°çº¢ä¹¦å·ï¼šw3150987196,æˆéƒ½moderm times,17,174,2.8ä¸‡,å°è„¸åœ†åœ†ğŸ¾,é»‘èŒ¶ä¼šé€€é»„å—,10-15,å±±ä¸œ
æ´»åŠ¨,å¤é›¨,https://www.xiaohongshu.com/search_result/66baee48000000000503aff1?xsec_token=ABAftJvfwSWfAZo9ZUVl-a9_iFEQwh2C5VqleONk1hK5c=&xsec_source=pc_search,å›¾æ–‡,"https://sns-webpic-qc.xhscdn.com/202411060932/253cc4afa6e40485b88d80b07cae7435/1040g008316e7qj491c205n3bicp49i5ikcg3tq8!nd_dft_wlteh_webp_3
https://sns-webpic-qc.xhscdn.com/202411060932/d498939e67bc8bd8d764f3f9b26a6a2f/1040g008316e7qj491c005n3bicp49i5ifuso4f8!nd_dft_wlteh_webp_3
https://sns-webpic-qc.xhscdn.com/202411060932/3420089aa33f02163671fad7cd465940/1040g008316e7qj491c0g5n3bicp49i5ib95qijg!nd_dft_wlteh_webp_3
https://sns-webpic-qc.xhscdn.com/202411060932/986e70fff5a09e3e6366089083eea958/1040g008316e7qj491c105n3bicp49i5i9j39si0!nd_dft_wlteh_webp_3
https://sns-webpic-qc.xhscdn.com/202411060932/bd93385c7675cafc61192fa817142f9c/1040g008316e7qj491c1g5n3bicp49i5i6vqohq0!nd_dft_wlteh_webp_3
https://sns-webpic-qc.xhscdn.com/202411060932/253cc4afa6e40485b88d80b07cae7435/1040g008316e7qj491c205n3bicp49i5ikcg3tq8!nd_dft_wlteh_webp_3
https://sns-webpic-qc.xhscdn.com/202411060932/d498939e67bc8bd8d764f3f9b26a6a2f/1040g008316e7qj491c005n3bicp49i5ifuso4f8!nd_dft_wlteh_webp_3
",-,2024ç§‹å†¬çƒ­é—¨å…æ¼‚æ˜¾ç™½å‘è‰²ğŸ”¥æ°›å›´æ„Ÿæ‹‰æ»¡|||ç´ é¢œé»„çš®æ˜¾ç™½çš„1âƒ£ï¸2âƒ£ï¸æ¬¾å…æ¼‚å‘è‰²åˆ†äº«ğŸ’• è°æŸ“è°å¥½çœ‹çš„æ°›å›´æ„Ÿæ£•è‰²ç³»å‘è‰² é‡ç‚¹æ˜¯éƒ½ä¸ç”¨æ¼‚ ä¸æŒ‘è‚¤è‰²ä¸æŒ‘äººç¾¤â€¼ï¸#è¶Šæ‰è‰²è¶Šå¥½çœ‹çš„å‘è‰²#éŸ©ç³»å‘è‰²#å‘è‰²åˆ†äº«#å¥½çœ‹çš„å‘è‰² è¿™ä¸ªç§‹å†¬å¿«æ¥è¯•è¯•æ·±æ£•è‰²ç³»çš„å‘è‰²å­ï¼ ğŸ’•é»‘èŒ¶è‰² ğŸ’•èŒ¶æ£•è‰² ğŸ’•äºšéº»é’æ£• ğŸ’•æ‘©å¡æ£• ğŸ’•å†·èŒ¶æ£• ğŸ’•èœœèŒ¶æ£• ğŸ’•æ —æ£•è‰² ğŸ’•å¥¶èŒ¶æ£• ğŸ’•äºšéº»æ£•,15,8541,172,08-13,IPå±åœ°ï¼šå››å·,å°çº¢ä¹¦å·ï¼šw3150987196,æˆéƒ½moderm times,17,174,2.8ä¸‡,miss,@å‘€å‘€å‘€å‘€,10-08,ä¸­å›½
æ´»åŠ¨,å¤é›¨,https://www.xiaohongshu.com/search_result/66baee48000000000503aff1?xsec_token=ABAftJvfwSWfAZo9ZUVl-a9_iFEQwh2C5VqleONk1hK5c=&xsec_source=pc_search,å›¾æ–‡,"https://sns-webpic-qc.xhscdn.com/202411060932/253cc4afa6e40485b88d80b07cae7435/1040g008316e7qj491c205n3bicp49i5ikcg3tq8!nd_dft_wlteh_webp_3
https://sns-webpic-qc.xhscdn.com/202411060932/d498939e67bc8bd8d764f3f9b26a6a2f/1040g008316e7qj491c005n3bicp49i5ifuso4f8!nd_dft_wlteh_webp_3
https://sns-webpic-qc.xhscdn.com/202411060932/3420089aa33f02163671fad7cd465940/1040g008316e7qj491c0g5n3bicp49i5ib95qijg!nd_dft_wlteh_webp_3
https://sns-webpic-qc.xhscdn.com/202411060932/986e70fff5a09e3e6366089083eea958/1040g008316e7qj491c105n3bicp49i5i9j39si0!nd_dft_wlteh_webp_3
https://sns-webpic-qc.xhscdn.com/202411060932/bd93385c7675cafc61192fa817142f9c/1040g008316e7qj491c1g5n3bicp49i5i6vqohq0!nd_dft_wlteh_webp_3
https://sns-webpic-qc.xhscdn.com/202411060932/253cc4afa6e40485b88d80b07cae7435/1040g008316e7qj491c205n3bicp49i5ikcg3tq8!nd_dft_wlteh_webp_3
https://sns-webpic-qc.xhscdn.com/202411060932/d498939e67bc8bd8d764f3f9b26a6a2f/1040g008316e7qj491c005n3bicp49i5ifuso4f8!nd_dft_wlteh_webp_3
",-,2024ç§‹å†¬çƒ­é—¨å…æ¼‚æ˜¾ç™½å‘è‰²ğŸ”¥æ°›å›´æ„Ÿæ‹‰æ»¡|||ç´ é¢œé»„çš®æ˜¾ç™½çš„1âƒ£ï¸2âƒ£ï¸æ¬¾å…æ¼‚å‘è‰²åˆ†äº«ğŸ’• è°æŸ“è°å¥½çœ‹çš„æ°›å›´æ„Ÿæ£•è‰²ç³»å‘è‰² é‡ç‚¹æ˜¯éƒ½ä¸ç”¨æ¼‚ ä¸æŒ‘è‚¤è‰²ä¸æŒ‘äººç¾¤â€¼ï¸#è¶Šæ‰è‰²è¶Šå¥½çœ‹çš„å‘è‰²#éŸ©ç³»å‘è‰²#å‘è‰²åˆ†äº«#å¥½çœ‹çš„å‘è‰² è¿™ä¸ªç§‹å†¬å¿«æ¥è¯•è¯•æ·±æ£•è‰²ç³»çš„å‘è‰²å­ï¼ ğŸ’•é»‘èŒ¶è‰² ğŸ’•èŒ¶æ£•è‰² ğŸ’•äºšéº»é’æ£• ğŸ’•æ‘©å¡æ£• ğŸ’•å†·èŒ¶æ£• ğŸ’•èœœèŒ¶æ£• ğŸ’•æ —æ£•è‰² ğŸ’•å¥¶èŒ¶æ£• ğŸ’•äºšéº»æ£•,15,8541,172,08-13,IPå±åœ°ï¼šå››å·,å°çº¢ä¹¦å·ï¼šw3150987196,æˆéƒ½moderm times,17,174,2.8ä¸‡,meibao,è¯·é—®è¿™æ˜¯ä»€ä¹ˆæ£•å•Š,2 å¤©å‰,å¹¿ä¸œ
æ´»åŠ¨,å¤é›¨,https://www.xiaohongshu.com/search_result/66baee48000000000503aff1?xsec_token=ABAftJvfwSWfAZo9ZUVl-a9_iFEQwh2C5VqleONk1hK5c=&xsec_source=pc_search,å›¾æ–‡,"https://sns-webpic-qc.xhscdn.com/202411060932/253cc4afa6e40485b88d80b07cae7435/1040g008316e7qj491c205n3bicp49i5ikcg3tq8!nd_dft_wlteh_webp_3
https://sns-webpic-qc.xhscdn.com/202411060932/d498939e67bc8bd8d764f3f9b26a6a2f/1040g008316e7qj491c005n3bicp49i5ifuso4f8!nd_dft_wlteh_webp_3
https://sns-webpic-qc.xhscdn.com/202411060932/3420089aa33f02163671fad7cd465940/1040g008316e7qj491c0g5n3bicp49i5ib95qijg!nd_dft_wlteh_webp_3
https://sns-webpic-qc.xhscdn.com/202411060932/986e70fff5a09e3e6366089083eea958/1040g008316e7qj491c105n3bicp49i5i9j39si0!nd_dft_wlteh_webp_3
https://sns-webpic-qc.xhscdn.com/202411060932/bd93385c7675cafc61192fa817142f9c/1040g008316e7qj491c1g5n3bicp49i5i6vqohq0!nd_dft_wlteh_webp_3
https://sns-webpic-qc.xhscdn.com/202411060932/253cc4afa6e40485b88d80b07cae7435/1040g008316e7qj491c205n3bicp49i5ikcg3tq8!nd_dft_wlteh_webp_3
https://sns-webpic-qc.xhscdn.com/202411060932/d498939e67bc8bd8d764f3f9b26a6a2f/1040g008316e7qj491c005n3bicp49i5ifuso4f8!nd_dft_wlteh_webp_3
",-,2024ç§‹å†¬çƒ­é—¨å…æ¼‚æ˜¾ç™½å‘è‰²ğŸ”¥æ°›å›´æ„Ÿæ‹‰æ»¡|||ç´ é¢œé»„çš®æ˜¾ç™½çš„1âƒ£ï¸2âƒ£ï¸æ¬¾å…æ¼‚å‘è‰²åˆ†äº«ğŸ’• è°æŸ“è°å¥½çœ‹çš„æ°›å›´æ„Ÿæ£•è‰²ç³»å‘è‰² é‡ç‚¹æ˜¯éƒ½ä¸ç”¨æ¼‚ ä¸æŒ‘è‚¤è‰²ä¸æŒ‘äººç¾¤â€¼ï¸#è¶Šæ‰è‰²è¶Šå¥½çœ‹çš„å‘è‰²#éŸ©ç³»å‘è‰²#å‘è‰²åˆ†äº«#å¥½çœ‹çš„å‘è‰² è¿™ä¸ªç§‹å†¬å¿«æ¥è¯•è¯•æ·±æ£•è‰²ç³»çš„å‘è‰²å­ï¼ ğŸ’•é»‘èŒ¶è‰² ğŸ’•èŒ¶æ£•è‰² ğŸ’•äºšéº»é’æ£• ğŸ’•æ‘©å¡æ£• ğŸ’•å†·èŒ¶æ£• ğŸ’•èœœèŒ¶æ£• ğŸ’•æ —æ£•è‰² ğŸ’•å¥¶èŒ¶æ£• ğŸ’•äºšéº»æ£•,15,8541,172,08-13,IPå±åœ°ï¼šå››å·,å°çº¢ä¹¦å·ï¼šw3150987196,æˆéƒ½moderm times,17,174,2.8ä¸‡,å§”å±ˆèœœæ¡ƒ,@å°çº¢è–¯6534DCC4 å“ªä¸ªå¥½çœ‹,6 å¤©å‰,å±±ä¸œ
æ´»åŠ¨,å¤é›¨,https://www.xiaohongshu.com/search_result/66baee48000000000503aff1?xsec_token=ABAftJvfwSWfAZo9ZUVl-a9_iFEQwh2C5VqleONk1hK5c=&xsec_source=pc_search,å›¾æ–‡,"https://sns-webpic-qc.xhscdn.com/202411060932/253cc4afa6e40485b88d80b07cae7435/1040g008316e7qj491c205n3bicp49i5ikcg3tq8!nd_dft_wlteh_webp_3
https://sns-webpic-qc.xhscdn.com/202411060932/d498939e67bc8bd8d764f3f9b26a6a2f/1040g008316e7qj491c005n3bicp49i5ifuso4f8!nd_dft_wlteh_webp_3
https://sns-webpic-qc.xhscdn.com/202411060932/3420089aa33f02163671fad7cd465940/1040g008316e7qj491c0g5n3bicp49i5ib95qijg!nd_dft_wlteh_webp_3
https://sns-webpic-qc.xhscdn.com/202411060932/986e70fff5a09e3e6366089083eea958/1040g008316e7qj491c105n3bicp49i5i9j39si0!nd_dft_wlteh_webp_3
https://sns-webpic-qc.xhscdn.com/202411060932/bd93385c7675cafc61192fa817142f9c/1040g008316e7qj491c1g5n3bicp49i5i6vqohq0!nd_dft_wlteh_webp_3
https://sns-webpic-qc.xhscdn.com/202411060932/253cc4afa6e40485b88d80b07cae7435/1040g008316e7qj491c205n3bicp49i5ikcg3tq8!nd_dft_wlteh_webp_3
https://sns-webpic-qc.xhscdn.com/202411060932/d498939e67bc8bd8d764f3f9b26a6a2f/1040g008316e7qj491c005n3bicp49i5ifuso4f8!nd_dft_wlteh_webp_3
",-,2024ç§‹å†¬çƒ­é—¨å…æ¼‚æ˜¾ç™½å‘è‰²ğŸ”¥æ°›å›´æ„Ÿæ‹‰æ»¡|||ç´ é¢œé»„çš®æ˜¾ç™½çš„1âƒ£ï¸2âƒ£ï¸æ¬¾å…æ¼‚å‘è‰²åˆ†äº«ğŸ’• è°æŸ“è°å¥½çœ‹çš„æ°›å›´æ„Ÿæ£•è‰²ç³»å‘è‰² é‡ç‚¹æ˜¯éƒ½ä¸ç”¨æ¼‚ ä¸æŒ‘è‚¤è‰²ä¸æŒ‘äººç¾¤â€¼ï¸#è¶Šæ‰è‰²è¶Šå¥½çœ‹çš„å‘è‰²#éŸ©ç³»å‘è‰²#å‘è‰²åˆ†äº«#å¥½çœ‹çš„å‘è‰² è¿™ä¸ªç§‹å†¬å¿«æ¥è¯•è¯•æ·±æ£•è‰²ç³»çš„å‘è‰²å­ï¼ ğŸ’•é»‘èŒ¶è‰² ğŸ’•èŒ¶æ£•è‰² ğŸ’•äºšéº»é’æ£• ğŸ’•æ‘©å¡æ£• ğŸ’•å†·èŒ¶æ£• ğŸ’•èœœèŒ¶æ£• ğŸ’•æ —æ£•è‰² ğŸ’•å¥¶èŒ¶æ£• ğŸ’•äºšéº»æ£•,15,8541,172,08-13,IPå±åœ°ï¼šå››å·,å°çº¢ä¹¦å·ï¼šw3150987196,æˆéƒ½moderm times,17,174,2.8ä¸‡,ç”°éœ²éœ².,åœ¨å“ªä¹°äºšéº»æ£•,10-22,æ²³å—
æ´»åŠ¨,å¤é›¨,https://www.xiaohongshu.com/search_result/66baee48000000000503aff1?xsec_token=ABAftJvfwSWfAZo9ZUVl-a9_iFEQwh2C5VqleONk1hK5c=&xsec_source=pc_search,å›¾æ–‡,"https://sns-webpic-qc.xhscdn.com/202411060932/253cc4afa6e40485b88d80b07cae7435/1040g008316e7qj491c205n3bicp49i5ikcg3tq8!nd_dft_wlteh_webp_3
https://sns-webpic-qc.xhscdn.com/202411060932/d498939e67bc8bd8d764f3f9b26a6a2f/1040g008316e7qj491c005n3bicp49i5ifuso4f8!nd_dft_wlteh_webp_3
https://sns-webpic-qc.xhscdn.com/202411060932/3420089aa33f02163671fad7cd465940/1040g008316e7qj491c0g5n3bicp49i5ib95qijg!nd_dft_wlteh_webp_3
https://sns-webpic-qc.xhscdn.com/202411060932/986e70fff5a09e3e6366089083eea958/1040g008316e7qj491c105n3bicp49i5i9j39si0!nd_dft_wlteh_webp_3
https://sns-webpic-qc.xhscdn.com/202411060932/bd93385c7675cafc61192fa817142f9c/1040g008316e7qj491c1g5n3bicp49i5i6vqohq0!nd_dft_wlteh_webp_3
https://sns-webpic-qc.xhscdn.com/202411060932/253cc4afa6e40485b88d80b07cae7435/1040g008316e7qj491c205n3bicp49i5ikcg3tq8!nd_dft_wlteh_webp_3
https://sns-webpic-qc.xhscdn.com/202411060932/d498939e67bc8bd8d764f3f9b26a6a2f/1040g008316e7qj491c005n3bicp49i5ifuso4f8!nd_dft_wlteh_webp_3
",-,2024ç§‹å†¬çƒ­é—¨å…æ¼‚æ˜¾ç™½å‘è‰²ğŸ”¥æ°›å›´æ„Ÿæ‹‰æ»¡|||ç´ é¢œé»„çš®æ˜¾ç™½çš„1âƒ£ï¸2âƒ£ï¸æ¬¾å…æ¼‚å‘è‰²åˆ†äº«ğŸ’• è°æŸ“è°å¥½çœ‹çš„æ°›å›´æ„Ÿæ£•è‰²ç³»å‘è‰² é‡ç‚¹æ˜¯éƒ½ä¸ç”¨æ¼‚ ä¸æŒ‘è‚¤è‰²ä¸æŒ‘äººç¾¤â€¼ï¸#è¶Šæ‰è‰²è¶Šå¥½çœ‹çš„å‘è‰²#éŸ©ç³»å‘è‰²#å‘è‰²åˆ†äº«#å¥½çœ‹çš„å‘è‰² è¿™ä¸ªç§‹å†¬å¿«æ¥è¯•è¯•æ·±æ£•è‰²ç³»çš„å‘è‰²å­ï¼ ğŸ’•é»‘èŒ¶è‰² ğŸ’•èŒ¶æ£•è‰² ğŸ’•äºšéº»é’æ£• ğŸ’•æ‘©å¡æ£• ğŸ’•å†·èŒ¶æ£• ğŸ’•èœœèŒ¶æ£• ğŸ’•æ —æ£•è‰² ğŸ’•å¥¶èŒ¶æ£• ğŸ’•äºšéº»æ£•,15,8541,172,08-13,IPå±åœ°ï¼šå››å·,å°çº¢ä¹¦å·ï¼šw3150987196,æˆéƒ½moderm times,17,174,2.8ä¸‡,èŠ±èŠ±baby,ä»å“ªé‡Œä¹°å‘€äº²äº²,10-14,æ²³åŒ—
æ´»åŠ¨,å¤é›¨,https://www.xiaohongshu.com/search_result/66baee48000000000503aff1?xsec_token=ABAftJvfwSWfAZo9ZUVl-a9_iFEQwh2C5VqleONk1hK5c=&xsec_source=pc_search,å›¾æ–‡,"https://sns-webpic-qc.xhscdn.com/202411060932/253cc4afa6e40485b88d80b07cae7435/1040g008316e7qj491c205n3bicp49i5ikcg3tq8!nd_dft_wlteh_webp_3
https://sns-webpic-qc.xhscdn.com/202411060932/d498939e67bc8bd8d764f3f9b26a6a2f/1040g008316e7qj491c005n3bicp49i5ifuso4f8!nd_dft_wlteh_webp_3
https://sns-webpic-qc.xhscdn.com/202411060932/3420089aa33f02163671fad7cd465940/1040g008316e7qj491c0g5n3bicp49i5ib95qijg!nd_dft_wlteh_webp_3
https://sns-webpic-qc.xhscdn.com/202411060932/986e70fff5a09e3e6366089083eea958/1040g008316e7qj491c105n3bicp49i5i9j39si0!nd_dft_wlteh_webp_3
https://sns-webpic-qc.xhscdn.com/202411060932/bd93385c7675cafc61192fa817142f9c/1040g008316e7qj491c1g5n3bicp49i5i6vqohq0!nd_dft_wlteh_webp_3
https://sns-webpic-qc.xhscdn.com/202411060932/253cc4afa6e40485b88d80b07cae7435/1040g008316e7qj491c205n3bicp49i5ikcg3tq8!nd_dft_wlteh_webp_3
https://sns-webpic-qc.xhscdn.com/202411060932/d498939e67bc8bd8d764f3f9b26a6a2f/1040g008316e7qj491c005n3bicp49i5ifuso4f8!nd_dft_wlteh_webp_3
",-,2024ç§‹å†¬çƒ­é—¨å…æ¼‚æ˜¾ç™½å‘è‰²ğŸ”¥æ°›å›´æ„Ÿæ‹‰æ»¡|||ç´ é¢œé»„çš®æ˜¾ç™½çš„1âƒ£ï¸2âƒ£ï¸æ¬¾å…æ¼‚å‘è‰²åˆ†äº«ğŸ’• è°æŸ“è°å¥½çœ‹çš„æ°›å›´æ„Ÿæ£•è‰²ç³»å‘è‰² é‡ç‚¹æ˜¯éƒ½ä¸ç”¨æ¼‚ ä¸æŒ‘è‚¤è‰²ä¸æŒ‘äººç¾¤â€¼ï¸#è¶Šæ‰è‰²è¶Šå¥½çœ‹çš„å‘è‰²#éŸ©ç³»å‘è‰²#å‘è‰²åˆ†äº«#å¥½çœ‹çš„å‘è‰² è¿™ä¸ªç§‹å†¬å¿«æ¥è¯•è¯•æ·±æ£•è‰²ç³»çš„å‘è‰²å­ï¼ ğŸ’•é»‘èŒ¶è‰² ğŸ’•èŒ¶æ£•è‰² ğŸ’•äºšéº»é’æ£• ğŸ’•æ‘©å¡æ£• ğŸ’•å†·èŒ¶æ£• ğŸ’•èœœèŒ¶æ£• ğŸ’•æ —æ£•è‰² ğŸ’•å¥¶èŒ¶æ£• ğŸ’•äºšéº»æ£•,15,8541,172,08-13,IPå±åœ°ï¼šå››å·,å°çº¢ä¹¦å·ï¼šw3150987196,æˆéƒ½moderm times,17,174,2.8ä¸‡,è¡Œ,@usususuu@iiis_,5 å¤©å‰,æ²³åŒ—
æ´»åŠ¨,å¤é›¨,https://www.xiaohongshu.com/search_result/66baee48000000000503aff1?xsec_token=ABAftJvfwSWfAZo9ZUVl-a9_iFEQwh2C5VqleONk1hK5c=&xsec_source=pc_search,å›¾æ–‡,"https://sns-webpic-qc.xhscdn.com/202411060932/253cc4afa6e40485b88d80b07cae7435/1040g008316e7qj491c205n3bicp49i5ikcg3tq8!nd_dft_wlteh_webp_3
https://sns-webpic-qc.xhscdn.com/202411060932/d498939e67bc8bd8d764f3f9b26a6a2f/1040g008316e7qj491c005n3bicp49i5ifuso4f8!nd_dft_wlteh_webp_3
https://sns-webpic-qc.xhscdn.com/202411060932/3420089aa33f02163671fad7cd465940/1040g008316e7qj491c0g5n3bicp49i5ib95qijg!nd_dft_wlteh_webp_3
https://sns-webpic-qc.xhscdn.com/202411060932/986e70fff5a09e3e6366089083eea958/1040g008316e7qj491c105n3bicp49i5i9j39si0!nd_dft_wlteh_webp_3
https://sns-webpic-qc.xhscdn.com/202411060932/bd93385c7675cafc61192fa817142f9c/1040g008316e7qj491c1g5n3bicp49i5i6vqohq0!nd_dft_wlteh_webp_3
https://sns-webpic-qc.xhscdn.com/202411060932/253cc4afa6e40485b88d80b07cae7435/1040g008316e7qj491c205n3bicp49i5ikcg3tq8!nd_dft_wlteh_webp_3
https://sns-webpic-qc.xhscdn.com/202411060932/d498939e67bc8bd8d764f3f9b26a6a2f/1040g008316e7qj491c005n3bicp49i5ifuso4f8!nd_dft_wlteh_webp_3
",-,2024ç§‹å†¬çƒ­é—¨å…æ¼‚æ˜¾ç™½å‘è‰²ğŸ”¥æ°›å›´æ„Ÿæ‹‰æ»¡|||ç´ é¢œé»„çš®æ˜¾ç™½çš„1âƒ£ï¸2âƒ£ï¸æ¬¾å…æ¼‚å‘è‰²åˆ†äº«ğŸ’• è°æŸ“è°å¥½çœ‹çš„æ°›å›´æ„Ÿæ£•è‰²ç³»å‘è‰² é‡ç‚¹æ˜¯éƒ½ä¸ç”¨æ¼‚ ä¸æŒ‘è‚¤è‰²ä¸æŒ‘äººç¾¤â€¼ï¸#è¶Šæ‰è‰²è¶Šå¥½çœ‹çš„å‘è‰²#éŸ©ç³»å‘è‰²#å‘è‰²åˆ†äº«#å¥½çœ‹çš„å‘è‰² è¿™ä¸ªç§‹å†¬å¿«æ¥è¯•è¯•æ·±æ£•è‰²ç³»çš„å‘è‰²å­ï¼ ğŸ’•é»‘èŒ¶è‰² ğŸ’•èŒ¶æ£•è‰² ğŸ’•äºšéº»é’æ£• ğŸ’•æ‘©å¡æ£• ğŸ’•å†·èŒ¶æ£• ğŸ’•èœœèŒ¶æ£• ğŸ’•æ —æ£•è‰² ğŸ’•å¥¶èŒ¶æ£• ğŸ’•äºšéº»æ£•,15,8541,172,08-13,IPå±åœ°ï¼šå››å·,å°çº¢ä¹¦å·ï¼šw3150987196,æˆéƒ½moderm times,17,174,2.8ä¸‡,ç”œå¦¹å¼ é“é”¤,æ‘©å¡æ£•è¦æ¼‚å˜›,10-08,é™•è¥¿
æ´»åŠ¨,å¤é›¨,https://www.xiaohongshu.com/search_result/66baee48000000000503aff1?xsec_token=ABAftJvfwSWfAZo9ZUVl-a9_iFEQwh2C5VqleONk1hK5c=&xsec_source=pc_search,å›¾æ–‡,"https://sns-webpic-qc.xhscdn.com/202411060932/253cc4afa6e40485b88d80b07cae7435/1040g008316e7qj491c205n3bicp49i5ikcg3tq8!nd_dft_wlteh_webp_3
https://sns-webpic-qc.xhscdn.com/202411060932/d498939e67bc8bd8d764f3f9b26a6a2f/1040g008316e7qj491c005n3bicp49i5ifuso4f8!nd_dft_wlteh_webp_3
https://sns-webpic-qc.xhscdn.com/202411060932/3420089aa33f02163671fad7cd465940/1040g008316e7qj491c0g5n3bicp49i5ib95qijg!nd_dft_wlteh_webp_3
https://sns-webpic-qc.xhscdn.com/202411060932/986e70fff5a09e3e6366089083eea958/1040g008316e7qj491c105n3bicp49i5i9j39si0!nd_dft_wlteh_webp_3
https://sns-webpic-qc.xhscdn.com/202411060932/bd93385c7675cafc61192fa817142f9c/1040g008316e7qj491c1g5n3bicp49i5i6vqohq0!nd_dft_wlteh_webp_3
https://sns-webpic-qc.xhscdn.com/202411060932/253cc4afa6e40485b88d80b07cae7435/1040g008316e7qj491c205n3bicp49i5ikcg3tq8!nd_dft_wlteh_webp_3
https://sns-webpic-qc.xhscdn.com/202411060932/d498939e67bc8bd8d764f3f9b26a6a2f/1040g008316e7qj491c005n3bicp49i5ifuso4f8!nd_dft_wlteh_webp_3
",-,2024ç§‹å†¬çƒ­é—¨å…æ¼‚æ˜¾ç™½å‘è‰²ğŸ”¥æ°›å›´æ„Ÿæ‹‰æ»¡|||ç´ é¢œé»„çš®æ˜¾ç™½çš„1âƒ£ï¸2âƒ£ï¸æ¬¾å…æ¼‚å‘è‰²åˆ†äº«ğŸ’• è°æŸ“è°å¥½çœ‹çš„æ°›å›´æ„Ÿæ£•è‰²ç³»å‘è‰² é‡ç‚¹æ˜¯éƒ½ä¸ç”¨æ¼‚ ä¸æŒ‘è‚¤è‰²ä¸æŒ‘äººç¾¤â€¼ï¸#è¶Šæ‰è‰²è¶Šå¥½çœ‹çš„å‘è‰²#éŸ©ç³»å‘è‰²#å‘è‰²åˆ†äº«#å¥½çœ‹çš„å‘è‰² è¿™ä¸ªç§‹å†¬å¿«æ¥è¯•è¯•æ·±æ£•è‰²ç³»çš„å‘è‰²å­ï¼ ğŸ’•é»‘èŒ¶è‰² ğŸ’•èŒ¶æ£•è‰² ğŸ’•äºšéº»é’æ£• ğŸ’•æ‘©å¡æ£• ğŸ’•å†·èŒ¶æ£• ğŸ’•èœœèŒ¶æ£• ğŸ’•æ —æ£•è‰² ğŸ’•å¥¶èŒ¶æ£• ğŸ’•äºšéº»æ£•,15,8541,172,08-13,IPå±åœ°ï¼šå››å·,å°çº¢ä¹¦å·ï¼šw3150987196,æˆéƒ½moderm times,17,174,2.8ä¸‡,Twilight.,@å®‡ä½³,5 å¤©å‰,æ±Ÿè‹
æ´»åŠ¨,å¤é›¨,https://www.xiaohongshu.com/search_result/66baee48000000000503aff1?xsec_token=ABAftJvfwSWfAZo9ZUVl-a9_iFEQwh2C5VqleONk1hK5c=&xsec_source=pc_search,å›¾æ–‡,"https://sns-webpic-qc.xhscdn.com/202411060932/253cc4afa6e40485b88d80b07cae7435/1040g008316e7qj491c205n3bicp49i5ikcg3tq8!nd_dft_wlteh_webp_3
https://sns-webpic-qc.xhscdn.com/202411060932/d498939e67bc8bd8d764f3f9b26a6a2f/1040g008316e7qj491c005n3bicp49i5ifuso4f8!nd_dft_wlteh_webp_3
https://sns-webpic-qc.xhscdn.com/202411060932/3420089aa33f02163671fad7cd465940/1040g008316e7qj491c0g5n3bicp49i5ib95qijg!nd_dft_wlteh_webp_3
https://sns-webpic-qc.xhscdn.com/202411060932/986e70fff5a09e3e6366089083eea958/1040g008316e7qj491c105n3bicp49i5i9j39si0!nd_dft_wlteh_webp_3
https://sns-webpic-qc.xhscdn.com/202411060932/bd93385c7675cafc61192fa817142f9c/1040g008316e7qj491c1g5n3bicp49i5i6vqohq0!nd_dft_wlteh_webp_3
https://sns-webpic-qc.xhscdn.com/202411060932/253cc4afa6e40485b88d80b07cae7435/1040g008316e7qj491c205n3bicp49i5ikcg3tq8!nd_dft_wlteh_webp_3
https://sns-webpic-qc.xhscdn.com/202411060932/d498939e67bc8bd8d764f3f9b26a6a2f/1040g008316e7qj491c005n3bicp49i5ifuso4f8!nd_dft_wlteh_webp_3
",-,2024ç§‹å†¬çƒ­é—¨å…æ¼‚æ˜¾ç™½å‘è‰²ğŸ”¥æ°›å›´æ„Ÿæ‹‰æ»¡|||ç´ é¢œé»„çš®æ˜¾ç™½çš„1âƒ£ï¸2âƒ£ï¸æ¬¾å…æ¼‚å‘è‰²åˆ†äº«ğŸ’• è°æŸ“è°å¥½çœ‹çš„æ°›å›´æ„Ÿæ£•è‰²ç³»å‘è‰² é‡ç‚¹æ˜¯éƒ½ä¸ç”¨æ¼‚ ä¸æŒ‘è‚¤è‰²ä¸æŒ‘äººç¾¤â€¼ï¸#è¶Šæ‰è‰²è¶Šå¥½çœ‹çš„å‘è‰²#éŸ©ç³»å‘è‰²#å‘è‰²åˆ†äº«#å¥½çœ‹çš„å‘è‰² è¿™ä¸ªç§‹å†¬å¿«æ¥è¯•è¯•æ·±æ£•è‰²ç³»çš„å‘è‰²å­ï¼ ğŸ’•é»‘èŒ¶è‰² ğŸ’•èŒ¶æ£•è‰² ğŸ’•äºšéº»é’æ£• ğŸ’•æ‘©å¡æ£• ğŸ’•å†·èŒ¶æ£• ğŸ’•èœœèŒ¶æ£• ğŸ’•æ —æ£•è‰² ğŸ’•å¥¶èŒ¶æ£• ğŸ’•äºšéº»æ£•,15,8541,172,08-13,IPå±åœ°ï¼šå››å·,å°çº¢ä¹¦å·ï¼šw3150987196,æˆéƒ½moderm times,17,174,2.8ä¸‡,æ©˜ç»œ,@ä»Šå¤œåªæƒ³ä½ .,6 å¤©å‰,æ²³å—
æ´»åŠ¨,å¤é›¨,https://www.xiaohongshu.com/search_result/66baee48000000000503aff1?xsec_token=ABAftJvfwSWfAZo9ZUVl-a9_iFEQwh2C5VqleONk1hK5c=&xsec_source=pc_search,å›¾æ–‡,"https://sns-webpic-qc.xhscdn.com/202411060932/253cc4afa6e40485b88d80b07cae7435/1040g008316e7qj491c205n3bicp49i5ikcg3tq8!nd_dft_wlteh_webp_3
https://sns-webpic-qc.xhscdn.com/202411060932/d498939e67bc8bd8d764f3f9b26a6a2f/1040g008316e7qj491c005n3bicp49i5ifuso4f8!nd_dft_wlteh_webp_3
https://sns-webpic-qc.xhscdn.com/202411060932/3420089aa33f02163671fad7cd465940/1040g008316e7qj491c0g5n3bicp49i5ib95qijg!nd_dft_wlteh_webp_3
https://sns-webpic-qc.xhscdn.com/202411060932/986e70fff5a09e3e6366089083eea958/1040g008316e7qj491c105n3bicp49i5i9j39si0!nd_dft_wlteh_webp_3
https://sns-webpic-qc.xhscdn.com/202411060932/bd93385c7675cafc61192fa817142f9c/1040g008316e7qj491c1g5n3bicp49i5i6vqohq0!nd_dft_wlteh_webp_3
https://sns-webpic-qc.xhscdn.com/202411060932/253cc4afa6e40485b88d80b07cae7435/1040g008316e7qj491c205n3bicp49i5ikcg3tq8!nd_dft_wlteh_webp_3
https://sns-webpic-qc.xhscdn.com/202411060932/d498939e67bc8bd8d764f3f9b26a6a2f/1040g008316e7qj491c005n3bicp49i5ifuso4f8!nd_dft_wlteh_webp_3
",-,2024ç§‹å†¬çƒ­é—¨å…æ¼‚æ˜¾ç™½å‘è‰²ğŸ”¥æ°›å›´æ„Ÿæ‹‰æ»¡|||ç´ é¢œé»„çš®æ˜¾ç™½çš„1âƒ£ï¸2âƒ£ï¸æ¬¾å…æ¼‚å‘è‰²åˆ†äº«ğŸ’• è°æŸ“è°å¥½çœ‹çš„æ°›å›´æ„Ÿæ£•è‰²ç³»å‘è‰² é‡ç‚¹æ˜¯éƒ½ä¸ç”¨æ¼‚ ä¸æŒ‘è‚¤è‰²ä¸æŒ‘äººç¾¤â€¼ï¸#è¶Šæ‰è‰²è¶Šå¥½çœ‹çš„å‘è‰²#éŸ©ç³»å‘è‰²#å‘è‰²åˆ†äº«#å¥½çœ‹çš„å‘è‰² è¿™ä¸ªç§‹å†¬å¿«æ¥è¯•è¯•æ·±æ£•è‰²ç³»çš„å‘è‰²å­ï¼ ğŸ’•é»‘èŒ¶è‰² ğŸ’•èŒ¶æ£•è‰² ğŸ’•äºšéº»é’æ£• ğŸ’•æ‘©å¡æ£• ğŸ’•å†·èŒ¶æ£• ğŸ’•èœœèŒ¶æ£• ğŸ’•æ —æ£•è‰² ğŸ’•å¥¶èŒ¶æ£• ğŸ’•äºšéº»æ£•,15,8541,172,08-13,IPå±åœ°ï¼šå››å·,å°çº¢ä¹¦å·ï¼šw3150987196,æˆéƒ½moderm times,17,174,2.8ä¸‡,å´ç³–æ°”æ³¡æ°´,@ğŸ’,10-27,æ¹–åŒ—
æ´»åŠ¨,å¤é›¨,https://www.xiaohongshu.com/search_result/66baee48000000000503aff1?xsec_token=ABAftJvfwSWfAZo9ZUVl-a9_iFEQwh2C5VqleONk1hK5c=&xsec_source=pc_search,å›¾æ–‡,"https://sns-webpic-qc.xhscdn.com/202411060932/253cc4afa6e40485b88d80b07cae7435/1040g008316e7qj491c205n3bicp49i5ikcg3tq8!nd_dft_wlteh_webp_3
https://sns-webpic-qc.xhscdn.com/202411060932/d498939e67bc8bd8d764f3f9b26a6a2f/1040g008316e7qj491c005n3bicp49i5ifuso4f8!nd_dft_wlteh_webp_3
https://sns-webpic-qc.xhscdn.com/202411060932/3420089aa33f02163671fad7cd465940/1040g008316e7qj491c0g5n3bicp49i5ib95qijg!nd_dft_wlteh_webp_3
https://sns-webpic-qc.xhscdn.com/202411060932/986e70fff5a09e3e6366089083eea958/1040g008316e7qj491c105n3bicp49i5i9j39si0!nd_dft_wlteh_webp_3
https://sns-webpic-qc.xhscdn.com/202411060932/bd93385c7675cafc61192fa817142f9c/1040g008316e7qj491c1g5n3bicp49i5i6vqohq0!nd_dft_wlteh_webp_3
https://sns-webpic-qc.xhscdn.com/202411060932/253cc4afa6e40485b88d80b07cae7435/1040g008316e7qj491c205n3bicp49i5ikcg3tq8!nd_dft_wlteh_webp_3
https://sns-webpic-qc.xhscdn.com/202411060932/d498939e67bc8bd8d764f3f9b26a6a2f/1040g008316e7qj491c005n3bicp49i5ifuso4f8!nd_dft_wlteh_webp_3
",-,2024ç§‹å†¬çƒ­é—¨å…æ¼‚æ˜¾ç™½å‘è‰²ğŸ”¥æ°›å›´æ„Ÿæ‹‰æ»¡|||ç´ é¢œé»„çš®æ˜¾ç™½çš„1âƒ£ï¸2âƒ£ï¸æ¬¾å…æ¼‚å‘è‰²åˆ†äº«ğŸ’• è°æŸ“è°å¥½çœ‹çš„æ°›å›´æ„Ÿæ£•è‰²ç³»å‘è‰² é‡ç‚¹æ˜¯éƒ½ä¸ç”¨æ¼‚ ä¸æŒ‘è‚¤è‰²ä¸æŒ‘äººç¾¤â€¼ï¸#è¶Šæ‰è‰²è¶Šå¥½çœ‹çš„å‘è‰²#éŸ©ç³»å‘è‰²#å‘è‰²åˆ†äº«#å¥½çœ‹çš„å‘è‰² è¿™ä¸ªç§‹å†¬å¿«æ¥è¯•è¯•æ·±æ£•è‰²ç³»çš„å‘è‰²å­ï¼ ğŸ’•é»‘èŒ¶è‰² ğŸ’•èŒ¶æ£•è‰² ğŸ’•äºšéº»é’æ£• ğŸ’•æ‘©å¡æ£• ğŸ’•å†·èŒ¶æ£• ğŸ’•èœœèŒ¶æ£• ğŸ’•æ —æ£•è‰² ğŸ’•å¥¶èŒ¶æ£• ğŸ’•äºšéº»æ£•,15,8541,172,08-13,IPå±åœ°ï¼šå››å·,å°çº¢ä¹¦å·ï¼šw3150987196,æˆéƒ½moderm times,17,174,2.8ä¸‡,å°çº¢è–¯670F0156,@å‘±å”§å‘±å”§,10-15,å±±ä¸œ
æ´»åŠ¨,å¤é›¨,https://www.xiaohongshu.com/search_result/66baee48000000000503aff1?xsec_token=ABAftJvfwSWfAZo9ZUVl-a9_iFEQwh2C5VqleONk1hK5c=&xsec_source=pc_search,å›¾æ–‡,"https://sns-webpic-qc.xhscdn.com/202411060932/253cc4afa6e40485b88d80b07cae7435/1040g008316e7qj491c205n3bicp49i5ikcg3tq8!nd_dft_wlteh_webp_3
https://sns-webpic-qc.xhscdn.com/202411060932/d498939e67bc8bd8d764f3f9b26a6a2f/1040g008316e7qj491c005n3bicp49i5ifuso4f8!nd_dft_wlteh_webp_3
https://sns-webpic-qc.xhscdn.com/202411060932/3420089aa33f02163671fad7cd465940/1040g008316e7qj491c0g5n3bicp49i5ib95qijg!nd_dft_wlteh_webp_3
https://sns-webpic-qc.xhscdn.com/202411060932/986e70fff5a09e3e6366089083eea958/1040g008316e7qj491c105n3bicp49i5i9j39si0!nd_dft_wlteh_webp_3
https://sns-webpic-qc.xhscdn.com/202411060932/bd93385c7675cafc61192fa817142f9c/1040g008316e7qj491c1g5n3bicp49i5i6vqohq0!nd_dft_wlteh_webp_3
https://sns-webpic-qc.xhscdn.com/202411060932/253cc4afa6e40485b88d80b07cae7435/1040g008316e7qj491c205n3bicp49i5ikcg3tq8!nd_dft_wlteh_webp_3
https://sns-webpic-qc.xhscdn.com/202411060932/d498939e67bc8bd8d764f3f9b26a6a2f/1040g008316e7qj491c005n3bicp49i5ifuso4f8!nd_dft_wlteh_webp_3
",-,2024ç§‹å†¬çƒ­é—¨å…æ¼‚æ˜¾ç™½å‘è‰²ğŸ”¥æ°›å›´æ„Ÿæ‹‰æ»¡|||ç´ é¢œé»„çš®æ˜¾ç™½çš„1âƒ£ï¸2âƒ£ï¸æ¬¾å…æ¼‚å‘è‰²åˆ†äº«ğŸ’• è°æŸ“è°å¥½çœ‹çš„æ°›å›´æ„Ÿæ£•è‰²ç³»å‘è‰² é‡ç‚¹æ˜¯éƒ½ä¸ç”¨æ¼‚ ä¸æŒ‘è‚¤è‰²ä¸æŒ‘äººç¾¤â€¼ï¸#è¶Šæ‰è‰²è¶Šå¥½çœ‹çš„å‘è‰²#éŸ©ç³»å‘è‰²#å‘è‰²åˆ†äº«#å¥½çœ‹çš„å‘è‰² è¿™ä¸ªç§‹å†¬å¿«æ¥è¯•è¯•æ·±æ£•è‰²ç³»çš„å‘è‰²å­ï¼ ğŸ’•é»‘èŒ¶è‰² ğŸ’•èŒ¶æ£•è‰² ğŸ’•äºšéº»é’æ£• ğŸ’•æ‘©å¡æ£• ğŸ’•å†·èŒ¶æ£• ğŸ’•èœœèŒ¶æ£• ğŸ’•æ —æ£•è‰² ğŸ’•å¥¶èŒ¶æ£• ğŸ’•äºšéº»æ£•,15,8541,172,08-13,IPå±åœ°ï¼šå››å·,å°çº¢ä¹¦å·ï¼šw3150987196,æˆéƒ½moderm times,17,174,2.8ä¸‡,ğŸŒ™,@é“›é“›é“›é“›,10-14,å®‰å¾½
å¥³ç”Ÿå®¡ç¾ï¼Œé»‘èŒ¶è¿˜æ˜¯è‡ªç„¶é»‘ï¼,H5,https://www.xiaohongshu.com/search_result/66b6bc47000000000d03025e?xsec_token=ABLIGqDiraGdTXOiETKiYikzDudFLZxgo-7nVIWbTd8No=&xsec_source=pc_search,å›¾æ–‡,"https://sns-webpic-qc.xhscdn.com/202411060934/19bd281c7b7f79e7d281c94b64a41ab6/1040g008316a4n8hg1c0g5o5f6l708n97san97dg!nd_dft_wlteh_webp_3
https://sns-webpic-qc.xhscdn.com/202411060934/2004679a874134aa734288c0860ce26e/1040g0083169b5l0qhe4g5o5f6l708n97eimt9s0!nd_dft_wlteh_webp_3
https://sns-webpic-qc.xhscdn.com/202411060934/bf52b81544ed48aacb1c008562e30057/1040g0083169b5l0qhe505o5f6l708n97g9lk59g!nd_dft_wlteh_webp_3
https://sns-webpic-qc.xhscdn.com/202411060934/3b937943394b17448f9155a9bf86ff46/1040g0083169b5l0qhe5g5o5f6l708n97n3tc428!nd_dft_wlteh_webp_3
https://sns-webpic-qc.xhscdn.com/202411060934/81940df18cd6c9129fa8ddb27b739f60/1040g2sg316hro5ui2o705o5f6l708n97d8i8be0!nd_dft_wlteh_webp_3
https://sns-webpic-qc.xhscdn.com/202411060934/a38adb861fb0929cff7cb54398974e47/1040g2sg316hro5ui2o7g5o5f6l708n978cr0oe8!nd_dft_wlteh_webp_3
https://sns-webpic-qc.xhscdn.com/202411060934/b0e64bd218c7269441acc2c22419bdf7/1040g008316a4n8hg1c005o5f6l708n976v8uhd0!nd_dft_wlteh_webp_3
https://sns-webpic-qc.xhscdn.com/202411060934/19bd281c7b7f79e7d281c94b64a41ab6/1040g008316a4n8hg1c0g5o5f6l708n97san97dg!nd_dft_wlteh_webp_3
https://sns-webpic-qc.xhscdn.com/202411060934/2004679a874134aa734288c0860ce26e/1040g0083169b5l0qhe4g5o5f6l708n97eimt9s0!nd_dft_wlteh_webp_3
",-,ç»å¸¸æŸ“å‘çš„å®å®ä»¬éƒ½æ˜¯æ€ä¹ˆè§£å†³è‡ªå·±çš„å¸ƒä¸å¤´çš„ï¼Œæ˜¯æŸ“é»‘è¿˜æ˜¯æŸ“é»‘èŒ¶å‘¢ï¼Œå¾ˆå¤šå®å®æ˜¯ä¸æ˜¯ä¹Ÿåœ¨çº ç»“è¿™ä¸ªé—®é¢˜ï¼Œé‚£å°±ä¸€èµ·æ¥çœ‹è¿™ä¸ªé»‘èŒ¶å’Œè‡ªç„¶é»‘çš„è¯¦ç»†å¯¹æ¯”æµ‹è¯„ï¼Œåˆ°åº•é€‰å“ªä¸€ä¸ªå‘¢~ 	 æŸ“ä¹‹å‰ä¸¤ä¸ªç¾å¥³å®å®éƒ½æ˜¯è¿™ç§å¸ƒä¸å¤´ï¼Œä¸€åŠé»‘ä¸€åŠé»„çœŸçš„å¾ˆæ‹‰ä½é¢œå€¼ï¼Œå¹³æ—¶ç´ é¢œè¿˜æ˜¾å¾—æ•´ä¸ªäººé¢“é¢“çš„æ— ç²¾æ‰“é‡‡çš„ 	 å°AæŸ“çš„é»‘èŒ¶è‰²ï¼Œæ˜¯è¿™ç§è‰²è°ƒå¾ˆæ·±çš„å†·æ£•è‰²ï¼Œæ•´ä½“è¡”æ¥å¾ˆå¥½ï¼Œçœ‹ä¸å‡ºä¹‹å‰çš„æ–­å±‚ï¼Œä¸åŒå…‰çº¿ä¸‹è¿˜å¸¦äº›èŒ¶è°ƒï¼Œåœ¨å®¤å†…è‡ªç„¶å…‰å°±å¾ˆè‡ªç„¶ï¼Œå¾ˆæœ‰ç¾å¥³æ„Ÿ~ 	 å°BæŸ“çš„è‡ªç„¶é»‘ï¼Œè¿™ä¸ªæŸ“å®Œå°±æ˜¯å…¨é»‘è‰²ï¼Œè¦†ç›–åŠ›æ˜¯å¾ˆå¼ºï¼Œå¯¹äºç™½å¤´å‘æ¯”è¾ƒå¤šçš„å®å®å¯ä»¥å°è¯•è¿™ä¸ª~ 	 è¿™ä¸¤ä¸ªå®å®å¯¹æ¯”è¿˜æ˜¯æ¯”è¾ƒæ˜æ˜¾çš„ï¼Œä¸è¿‡è¿™ä¸¤æ¬¾ä¸ç®¡æ˜¯é®ç›–å¸ƒä¸å¤´å‡åŒ€å‘è‰²è¿˜æ˜¯é®ç™½å‘éƒ½æ˜¯å®Œå…¨å¯ä»¥çš„ï¼Œå°±çœ‹å®å®ä»¬æ›´å–œæ¬¢å“ªä¸ªæ•ˆæœäº†å“¦~ 	 çº ç»“çš„å®å®è¿˜æ˜¯æ¯”è¾ƒæ¨èé»‘èŒ¶è‰²ï¼Œé»‘èŒ¶è‰²æ•´ä½“ä¼šæ›´é€šé€æ˜¾å¾—æ•´ä¸ªäººæ¯”è¾ƒçµåŠ¨ï¼Œè€Œä¸”ä¸æŒ‘è‚¤è‰²ä¸æŒ‘äººï¼Œè¡¬å¾—æ•´ä¸ªäººéƒ½å¾ˆç™½å‡€ï¼Œæ­é…æ·¡å¦†çœŸçš„æ˜¯ä¼ªç´ é¢œçš„ç¥ï¼ŒéŸ©å¥³å¿…å¤‡~ 	 è¶ç°åœ¨æœ‰æ´»åŠ¨ï¼Œç›´æ¥é—­çœ¼å†²ï¼ï¼ä¸¤ç›’æœ‰72æŠ˜ä¼˜æƒ ç«‹å‡30å¤šå—ï¼Œçœåˆ°å°±æ˜¯èµšåˆ°å’¯~ #H5æŸ“å‘è†#æ˜¾ç™½å‘è‰²#å‘è‰²æ¨è#å¥³ç”Ÿå®¡ç¾#å¸®å¿™é€‰ä¸€é€‰#æŸ“å‘#è‡ªå·±æŸ“å‘#å¹³ä»·å¥½ç‰©åˆ†äº«#å¥³ç”Ÿå¿…çœ‹#å˜ç¾,0,106,128,ç¼–è¾‘äº 08-16,IPå±åœ°ï¼šå±±ä¸œ,å°çº¢ä¹¦å·ï¼š2626316276,H5æŸ“å‘è†16å·è‰²æ¦›æœç°æ£•ï¼ æ— éœ€æ¼‚æŸ“å°±èƒ½getåˆ°çš„æ˜¾ç™½ç°æ£•è‰² ä¸ä¼¤å¤´å‘å°±èƒ½æŸ“å‡ºé«˜çº§çš„å‘è‰² è®©æ‰€æœ‰å¥³ç”Ÿæœ€ä½æˆæœ¬è½»æ¾å˜ç¾ï¼ï¼ï¼,23,6672,20.1ä¸‡,é€¢æ˜¥.,æˆ‘ç›´æ¥ä¸€ä¸ªæ‘‡èº«å¤§çˆ†æ”¹ï¼,10-08,å†…è’™å¤
å¥³ç”Ÿå®¡ç¾ï¼Œé»‘èŒ¶è¿˜æ˜¯è‡ªç„¶é»‘ï¼,H5,https://www.xiaohongshu.com/search_result/66b6bc47000000000d03025e?xsec_token=ABLIGqDiraGdTXOiETKiYikzDudFLZxgo-7nVIWbTd8No=&xsec_source=pc_search,å›¾æ–‡,"https://sns-webpic-qc.xhscdn.com/202411060934/19bd281c7b7f79e7d281c94b64a41ab6/1040g008316a4n8hg1c0g5o5f6l708n97san97dg!nd_dft_wlteh_webp_3
https://sns-webpic-qc.xhscdn.com/202411060934/2004679a874134aa734288c0860ce26e/1040g0083169b5l0qhe4g5o5f6l708n97eimt9s0!nd_dft_wlteh_webp_3
https://sns-webpic-qc.xhscdn.com/202411060934/bf52b81544ed48aacb1c008562e30057/1040g0083169b5l0qhe505o5f6l708n97g9lk59g!nd_dft_wlteh_webp_3
https://sns-webpic-qc.xhscdn.com/202411060934/3b937943394b17448f9155a9bf86ff46/1040g0083169b5l0qhe5g5o5f6l708n97n3tc428!nd_dft_wlteh_webp_3
https://sns-webpic-qc.xhscdn.com/202411060934/81940df18cd6c9129fa8ddb27b739f60/1040g2sg316hro5ui2o705o5f6l708n97d8i8be0!nd_dft_wlteh_webp_3
https://sns-webpic-qc.xhscdn.com/202411060934/a38adb861fb0929cff7cb54398974e47/1040g2sg316hro5ui2o7g5o5f6l708n978cr0oe8!nd_dft_wlteh_webp_3
https://sns-webpic-qc.xhscdn.com/202411060934/b0e64bd218c7269441acc2c22419bdf7/1040g008316a4n8hg1c005o5f6l708n976v8uhd0!nd_dft_wlteh_webp_3
https://sns-webpic-qc.xhscdn.com/202411060934/19bd281c7b7f79e7d281c94b64a41ab6/1040g008316a4n8hg1c0g5o5f6l708n97san97dg!nd_dft_wlteh_webp_3
https://sns-webpic-qc.xhscdn.com/202411060934/2004679a874134aa734288c0860ce26e/1040g0083169b5l0qhe4g5o5f6l708n97eimt9s0!nd_dft_wlteh_webp_3
",-,ç»å¸¸æŸ“å‘çš„å®å®ä»¬éƒ½æ˜¯æ€ä¹ˆè§£å†³è‡ªå·±çš„å¸ƒä¸å¤´çš„ï¼Œæ˜¯æŸ“é»‘è¿˜æ˜¯æŸ“é»‘èŒ¶å‘¢ï¼Œå¾ˆå¤šå®å®æ˜¯ä¸æ˜¯ä¹Ÿåœ¨çº ç»“è¿™ä¸ªé—®é¢˜ï¼Œé‚£å°±ä¸€èµ·æ¥çœ‹è¿™ä¸ªé»‘èŒ¶å’Œè‡ªç„¶é»‘çš„è¯¦ç»†å¯¹æ¯”æµ‹è¯„ï¼Œåˆ°åº•é€‰å“ªä¸€ä¸ªå‘¢~ 	 æŸ“ä¹‹å‰ä¸¤ä¸ªç¾å¥³å®å®éƒ½æ˜¯è¿™ç§å¸ƒä¸å¤´ï¼Œä¸€åŠé»‘ä¸€åŠé»„çœŸçš„å¾ˆæ‹‰ä½é¢œå€¼ï¼Œå¹³æ—¶ç´ é¢œè¿˜æ˜¾å¾—æ•´ä¸ªäººé¢“é¢“çš„æ— ç²¾æ‰“é‡‡çš„ 	 å°AæŸ“çš„é»‘èŒ¶è‰²ï¼Œæ˜¯è¿™ç§è‰²è°ƒå¾ˆæ·±çš„å†·æ£•è‰²ï¼Œæ•´ä½“è¡”æ¥å¾ˆå¥½ï¼Œçœ‹ä¸å‡ºä¹‹å‰çš„æ–­å±‚ï¼Œä¸åŒå…‰çº¿ä¸‹è¿˜å¸¦äº›èŒ¶è°ƒï¼Œåœ¨å®¤å†…è‡ªç„¶å…‰å°±å¾ˆè‡ªç„¶ï¼Œå¾ˆæœ‰ç¾å¥³æ„Ÿ~ 	 å°BæŸ“çš„è‡ªç„¶é»‘ï¼Œè¿™ä¸ªæŸ“å®Œå°±æ˜¯å…¨é»‘è‰²ï¼Œè¦†ç›–åŠ›æ˜¯å¾ˆå¼ºï¼Œå¯¹äºç™½å¤´å‘æ¯”è¾ƒå¤šçš„å®å®å¯ä»¥å°è¯•è¿™ä¸ª~ 	 è¿™ä¸¤ä¸ªå®å®å¯¹æ¯”è¿˜æ˜¯æ¯”è¾ƒæ˜æ˜¾çš„ï¼Œä¸è¿‡è¿™ä¸¤æ¬¾ä¸ç®¡æ˜¯é®ç›–å¸ƒä¸å¤´å‡åŒ€å‘è‰²è¿˜æ˜¯é®ç™½å‘éƒ½æ˜¯å®Œå…¨å¯ä»¥çš„ï¼Œå°±çœ‹å®å®ä»¬æ›´å–œæ¬¢å“ªä¸ªæ•ˆæœäº†å“¦~ 	 çº ç»“çš„å®å®è¿˜æ˜¯æ¯”è¾ƒæ¨èé»‘èŒ¶è‰²ï¼Œé»‘èŒ¶è‰²æ•´ä½“ä¼šæ›´é€šé€æ˜¾å¾—æ•´ä¸ªäººæ¯”è¾ƒçµåŠ¨ï¼Œè€Œä¸”ä¸æŒ‘è‚¤è‰²ä¸æŒ‘äººï¼Œè¡¬å¾—æ•´ä¸ªäººéƒ½å¾ˆç™½å‡€ï¼Œæ­é…æ·¡å¦†çœŸçš„æ˜¯ä¼ªç´ é¢œçš„ç¥ï¼ŒéŸ©å¥³å¿…å¤‡~ 	 è¶ç°åœ¨æœ‰æ´»åŠ¨ï¼Œç›´æ¥é—­çœ¼å†²ï¼ï¼ä¸¤ç›’æœ‰72æŠ˜ä¼˜æƒ ç«‹å‡30å¤šå—ï¼Œçœåˆ°å°±æ˜¯èµšåˆ°å’¯~ #H5æŸ“å‘è†#æ˜¾ç™½å‘è‰²#å‘è‰²æ¨è#å¥³ç”Ÿå®¡ç¾#å¸®å¿™é€‰ä¸€é€‰#æŸ“å‘#è‡ªå·±æŸ“å‘#å¹³ä»·å¥½ç‰©åˆ†äº«#å¥³ç”Ÿå¿…çœ‹#å˜ç¾,0,106,128,ç¼–è¾‘äº 08-16,IPå±åœ°ï¼šå±±ä¸œ,å°çº¢ä¹¦å·ï¼š2626316276,H5æŸ“å‘è†16å·è‰²æ¦›æœç°æ£•ï¼ æ— éœ€æ¼‚æŸ“å°±èƒ½getåˆ°çš„æ˜¾ç™½ç°æ£•è‰² ä¸ä¼¤å¤´å‘å°±èƒ½æŸ“å‡ºé«˜çº§çš„å‘è‰² è®©æ‰€æœ‰å¥³ç”Ÿæœ€ä½æˆæœ¬è½»æ¾å˜ç¾ï¼ï¼ï¼,23,6672,20.1ä¸‡,é¢åŒ…ğŸè„‘è¢‹,é»‘èŒ¶ä¼šä¸ä¼šåˆæ‰æˆå¸ƒä¸å¤´,10-12,æ²³å—
å¥³ç”Ÿå®¡ç¾ï¼Œé»‘èŒ¶è¿˜æ˜¯è‡ªç„¶é»‘ï¼,H5,https://www.xiaohongshu.com/search_result/66b6bc47000000000d03025e?xsec_token=ABLIGqDiraGdTXOiETKiYikzDudFLZxgo-7nVIWbTd8No=&xsec_source=pc_search,å›¾æ–‡,"https://sns-webpic-qc.xhscdn.com/202411060934/19bd281c7b7f79e7d281c94b64a41ab6/1040g008316a4n8hg1c0g5o5f6l708n97san97dg!nd_dft_wlteh_webp_3
https://sns-webpic-qc.xhscdn.com/202411060934/2004679a874134aa734288c0860ce26e/1040g0083169b5l0qhe4g5o5f6l708n97eimt9s0!nd_dft_wlteh_webp_3
https://sns-webpic-qc.xhscdn.com/202411060934/bf52b81544ed48aacb1c008562e30057/1040g0083169b5l0qhe505o5f6l708n97g9lk59g!nd_dft_wlteh_webp_3
https://sns-webpic-qc.xhscdn.com/202411060934/3b937943394b17448f9155a9bf86ff46/1040g0083169b5l0qhe5g5o5f6l708n97n3tc428!nd_dft_wlteh_webp_3
https://sns-webpic-qc.xhscdn.com/202411060934/81940df18cd6c9129fa8ddb27b739f60/1040g2sg316hro5ui2o705o5f6l708n97d8i8be0!nd_dft_wlteh_webp_3
https://sns-webpic-qc.xhscdn.com/202411060934/a38adb861fb0929cff7cb54398974e47/1040g2sg316hro5ui2o7g5o5f6l708n978cr0oe8!nd_dft_wlteh_webp_3
https://sns-webpic-qc.xhscdn.com/202411060934/b0e64bd218c7269441acc2c22419bdf7/1040g008316a4n8hg1c005o5f6l708n976v8uhd0!nd_dft_wlteh_webp_3
https://sns-webpic-qc.xhscdn.com/202411060934/19bd281c7b7f79e7d281c94b64a41ab6/1040g008316a4n8hg1c0g5o5f6l708n97san97dg!nd_dft_wlteh_webp_3
https://sns-webpic-qc.xhscdn.com/202411060934/2004679a874134aa734288c0860ce26e/1040g0083169b5l0qhe4g5o5f6l708n97eimt9s0!nd_dft_wlteh_webp_3
",-,ç»å¸¸æŸ“å‘çš„å®å®ä»¬éƒ½æ˜¯æ€ä¹ˆè§£å†³è‡ªå·±çš„å¸ƒä¸å¤´çš„ï¼Œæ˜¯æŸ“é»‘è¿˜æ˜¯æŸ“é»‘èŒ¶å‘¢ï¼Œå¾ˆå¤šå®å®æ˜¯ä¸æ˜¯ä¹Ÿåœ¨çº ç»“è¿™ä¸ªé—®é¢˜ï¼Œé‚£å°±ä¸€èµ·æ¥çœ‹è¿™ä¸ªé»‘èŒ¶å’Œè‡ªç„¶é»‘çš„è¯¦ç»†å¯¹æ¯”æµ‹è¯„ï¼Œåˆ°åº•é€‰å“ªä¸€ä¸ªå‘¢~ 	 æŸ“ä¹‹å‰ä¸¤ä¸ªç¾å¥³å®å®éƒ½æ˜¯è¿™ç§å¸ƒä¸å¤´ï¼Œä¸€åŠé»‘ä¸€åŠé»„çœŸçš„å¾ˆæ‹‰ä½é¢œå€¼ï¼Œå¹³æ—¶ç´ é¢œè¿˜æ˜¾å¾—æ•´ä¸ªäººé¢“é¢“çš„æ— ç²¾æ‰“é‡‡çš„ 	 å°AæŸ“çš„é»‘èŒ¶è‰²ï¼Œæ˜¯è¿™ç§è‰²è°ƒå¾ˆæ·±çš„å†·æ£•è‰²ï¼Œæ•´ä½“è¡”æ¥å¾ˆå¥½ï¼Œçœ‹ä¸å‡ºä¹‹å‰çš„æ–­å±‚ï¼Œä¸åŒå…‰çº¿ä¸‹è¿˜å¸¦äº›èŒ¶è°ƒï¼Œåœ¨å®¤å†…è‡ªç„¶å…‰å°±å¾ˆè‡ªç„¶ï¼Œå¾ˆæœ‰ç¾å¥³æ„Ÿ~ 	 å°BæŸ“çš„è‡ªç„¶é»‘ï¼Œè¿™ä¸ªæŸ“å®Œå°±æ˜¯å…¨é»‘è‰²ï¼Œè¦†ç›–åŠ›æ˜¯å¾ˆå¼ºï¼Œå¯¹äºç™½å¤´å‘æ¯”è¾ƒå¤šçš„å®å®å¯ä»¥å°è¯•è¿™ä¸ª~ 	 è¿™ä¸¤ä¸ªå®å®å¯¹æ¯”è¿˜æ˜¯æ¯”è¾ƒæ˜æ˜¾çš„ï¼Œä¸è¿‡è¿™ä¸¤æ¬¾ä¸ç®¡æ˜¯é®ç›–å¸ƒä¸å¤´å‡åŒ€å‘è‰²è¿˜æ˜¯é®ç™½å‘éƒ½æ˜¯å®Œå…¨å¯ä»¥çš„ï¼Œå°±çœ‹å®å®ä»¬æ›´å–œæ¬¢å“ªä¸ªæ•ˆæœäº†å“¦~ 	 çº ç»“çš„å®å®è¿˜æ˜¯æ¯”è¾ƒæ¨èé»‘èŒ¶è‰²ï¼Œé»‘èŒ¶è‰²æ•´ä½“ä¼šæ›´é€šé€æ˜¾å¾—æ•´ä¸ªäººæ¯”è¾ƒçµåŠ¨ï¼Œè€Œä¸”ä¸æŒ‘è‚¤è‰²ä¸æŒ‘äººï¼Œè¡¬å¾—æ•´ä¸ªäººéƒ½å¾ˆç™½å‡€ï¼Œæ­é…æ·¡å¦†çœŸçš„æ˜¯ä¼ªç´ é¢œçš„ç¥ï¼ŒéŸ©å¥³å¿…å¤‡~ 	 è¶ç°åœ¨æœ‰æ´»åŠ¨ï¼Œç›´æ¥é—­çœ¼å†²ï¼ï¼ä¸¤ç›’æœ‰72æŠ˜ä¼˜æƒ ç«‹å‡30å¤šå—ï¼Œçœåˆ°å°±æ˜¯èµšåˆ°å’¯~ #H5æŸ“å‘è†#æ˜¾ç™½å‘è‰²#å‘è‰²æ¨è#å¥³ç”Ÿå®¡ç¾#å¸®å¿™é€‰ä¸€é€‰#æŸ“å‘#è‡ªå·±æŸ“å‘#å¹³ä»·å¥½ç‰©åˆ†äº«#å¥³ç”Ÿå¿…çœ‹#å˜ç¾,0,106,128,ç¼–è¾‘äº 08-16,IPå±åœ°ï¼šå±±ä¸œ,å°çº¢ä¹¦å·ï¼š2626316276,H5æŸ“å‘è†16å·è‰²æ¦›æœç°æ£•ï¼ æ— éœ€æ¼‚æŸ“å°±èƒ½getåˆ°çš„æ˜¾ç™½ç°æ£•è‰² ä¸ä¼¤å¤´å‘å°±èƒ½æŸ“å‡ºé«˜çº§çš„å‘è‰² è®©æ‰€æœ‰å¥³ç”Ÿæœ€ä½æˆæœ¬è½»æ¾å˜ç¾ï¼ï¼ï¼,23,6672,20.1ä¸‡,å–œæ¬¢è‡ªå‘çš„å¸…å“¥,è¿™ç§è¿˜èƒ½è¡¥æ•‘å—,10-09,å¹¿ä¸œ
èŒ¶çŸ¥è¯†ğŸµä¸€å¼ å›¾å‘Šè¯‰ä½ é€‚åˆä»€ä¹ˆèŒ¶ğŸ‰‘æ”¶è—,èŒ¶äººå…»æˆç¬”è®°,https://www.xiaohongshu.com/search_result/6606bcc9000000001a00d308?xsec_token=ABcdXn4HwVwhyHd8UlD0bVQtHJCRvqLMvv5pAaV92qJI4=&xsec_source=pc_search,å›¾æ–‡,"https://sns-webpic-qc.xhscdn.com/202411060936/7b0e2eb29b72825bde70ef4aa48ffed8/1040g008310u8p8igmo5g5n0o9ka1e5509qb1b7o!nd_dft_wlteh_webp_3
https://sns-webpic-qc.xhscdn.com/202411060936/2d5be8c271f4ab0ce6c4178e712ee412/1040g008310u8p8igmo6g5n0o9ka1e550tdtqbd0!nd_dft_wlteh_webp_3
https://sns-webpic-qc.xhscdn.com/202411060936/30f3097ec566c5b2eb9bfec529309b55/1040g008310u8p8igmo605n0o9ka1e550fn83je0!nd_dft_wlteh_webp_3
https://sns-webpic-qc.xhscdn.com/202411060936/7b0e2eb29b72825bde70ef4aa48ffed8/1040g008310u8p8igmo5g5n0o9ka1e5509qb1b7o!nd_dft_wlteh_webp_3
https://sns-webpic-qc.xhscdn.com/202411060936/2d5be8c271f4ab0ce6c4178e712ee412/1040g008310u8p8igmo6g5n0o9ka1e550tdtqbd0!nd_dft_wlteh_webp_3
",-,æ¥äº†è§£ä½ é€‚åˆå–å“ªæ¬¾èŒ¶ã€‚ ä¸­å›½å…­å¤§èŒ¶ç±»ï¼Œä½ å–å¯¹äº†å—ï¼Ÿ 	 ä¸åŒèŒ¶ç±»å› ä¸ºåŠ å·¥å·¥è‰ºã€å“ç§ã€åœ°åŸŸã€å­£èŠ‚ç­‰å› ç´ çš„å·®å¼‚ï¼Œå†…å«ç‰©çš„å«é‡ä¼šæœ‰æ‰€ä¸åŒï¼Œå…¶æ€§å‘³ç‰¹ç‚¹å’Œä½œç”¨ä¹Ÿæœ‰æ‰€ä¾§é‡ã€‚ 	 æµ™å¤§ç‹å²³é£æ•™æˆåœ¨ã€ŠèŒ¶æ–‡åŒ–ä¸èŒ¶å¥åº·ã€‹è¯¾ç¨‹é‡Œå¯¹å…­å¤§æ€§è´¨åšäº†åˆ’åˆ†ã€‚ 	 æˆ‘ä»¬å–èŒ¶çš„ç›®çš„å°±æ˜¯è¦è®©è‡ªå·±çš„èº«ä½“å¾€å¹³å’Œè´¨å»å‘å±•ï¼Œä½¿èº«ä½“è¶Šæ¥è¶Šå¥åº·ã€‚ä¸åŒæ€§åˆ«ã€å¹´é¾„ã€ä½“è´¨ã€ç”Ÿæ´»ç¯å¢ƒåŠå­£èŠ‚ï¼Œéƒ½åº”å½“æœ‰ä¸åŒçš„é¥®èŒ¶é€‰æ‹©ã€‚ 	 æ¯ç§èŒ¶ç±»éƒ½æœ‰é€‚å®œäººç¾¤å’Œç¦å¿Œï¼Œè¦æ ¹æ®è‡ªå·±çš„æƒ…å†µæ¥é€‰æ‹©é€‚åˆçš„èŒ¶å–æ‰æ˜¯æ˜æ™ºçš„å“¦ï¼ 	 #èŒ¶çŸ¥è¯†#èŒ¶ç”Ÿæ´»#æ³¡ä¸€å£¶å¥½èŒ¶#åˆ†äº«èŒ¶çŸ¥è¯†ä¼ æ’­èŒ¶æ–‡åŒ–#å¬å”¤èŒ¶å‹#èŒ¶å¶#åœ¨å®¶æ›´çˆ±å–èŒ¶#èŒ¶#å…»ç”Ÿå¥½ç‰©#çˆ±èŒ¶çˆ±ç”Ÿæ´»,16,6381,411,03-29,IPå±åœ°ï¼šå®‰å¾½,å°çº¢ä¹¦å·ï¼š533633962,ä¹ èŒ¶14å¹´ / æ·±è€•11å¹´ / æ•™å­¦6å¹´ ç§‘æ™®èŒ¶çŸ¥è¯† / è¯†å¥½èŒ¶å–å¥½èŒ¶ ğŸµå¯å…»ç”Ÿ / å¯ä¿®å¿ƒ / å¯å…»æ€§ ğŸ“®ï¼š721829393@qq.com,62,2946,4.6ä¸‡,ä¸ƒå·å¦,é»‘èŒ¶æœ‰å•¥ç‰Œå­,æ˜¨å¤© 18:59,æ±Ÿè‹
èŒ¶çŸ¥è¯†ğŸµä¸€å¼ å›¾å‘Šè¯‰ä½ é€‚åˆä»€ä¹ˆèŒ¶ğŸ‰‘æ”¶è—,èŒ¶äººå…»æˆç¬”è®°,https://www.xiaohongshu.com/search_result/6606bcc9000000001a00d308?xsec_token=ABcdXn4HwVwhyHd8UlD0bVQtHJCRvqLMvv5pAaV92qJI4=&xsec_source=pc_search,å›¾æ–‡,"https://sns-webpic-qc.xhscdn.com/202411060936/7b0e2eb29b72825bde70ef4aa48ffed8/1040g008310u8p8igmo5g5n0o9ka1e5509qb1b7o!nd_dft_wlteh_webp_3
https://sns-webpic-qc.xhscdn.com/202411060936/2d5be8c271f4ab0ce6c4178e712ee412/1040g008310u8p8igmo6g5n0o9ka1e550tdtqbd0!nd_dft_wlteh_webp_3
https://sns-webpic-qc.xhscdn.com/202411060936/30f3097ec566c5b2eb9bfec529309b55/1040g008310u8p8igmo605n0o9ka1e550fn83je0!nd_dft_wlteh_webp_3
https://sns-webpic-qc.xhscdn.com/202411060936/7b0e2eb29b72825bde70ef4aa48ffed8/1040g008310u8p8igmo5g5n0o9ka1e5509qb1b7o!nd_dft_wlteh_webp_3
https://sns-webpic-qc.xhscdn.com/202411060936/2d5be8c271f4ab0ce6c4178e712ee412/1040g008310u8p8igmo6g5n0o9ka1e550tdtqbd0!nd_dft_wlteh_webp_3
",-,æ¥äº†è§£ä½ é€‚åˆå–å“ªæ¬¾èŒ¶ã€‚ ä¸­å›½å…­å¤§èŒ¶ç±»ï¼Œä½ å–å¯¹äº†å—ï¼Ÿ 	 ä¸åŒèŒ¶ç±»å› ä¸ºåŠ å·¥å·¥è‰ºã€å“ç§ã€åœ°åŸŸã€å­£èŠ‚ç­‰å› ç´ çš„å·®å¼‚ï¼Œå†…å«ç‰©çš„å«é‡ä¼šæœ‰æ‰€ä¸åŒï¼Œå…¶æ€§å‘³ç‰¹ç‚¹å’Œä½œç”¨ä¹Ÿæœ‰æ‰€ä¾§é‡ã€‚ 	 æµ™å¤§ç‹å²³é£æ•™æˆåœ¨ã€ŠèŒ¶æ–‡åŒ–ä¸èŒ¶å¥åº·ã€‹è¯¾ç¨‹é‡Œå¯¹å…­å¤§æ€§è´¨åšäº†åˆ’åˆ†ã€‚ 	 æˆ‘ä»¬å–èŒ¶çš„ç›®çš„å°±æ˜¯è¦è®©è‡ªå·±çš„èº«ä½“å¾€å¹³å’Œè´¨å»å‘å±•ï¼Œä½¿èº«ä½“è¶Šæ¥è¶Šå¥åº·ã€‚ä¸åŒæ€§åˆ«ã€å¹´é¾„ã€ä½“è´¨ã€ç”Ÿæ´»ç¯å¢ƒåŠå­£èŠ‚ï¼Œéƒ½åº”å½“æœ‰ä¸åŒçš„é¥®èŒ¶é€‰æ‹©ã€‚ 	 æ¯ç§èŒ¶ç±»éƒ½æœ‰é€‚å®œäººç¾¤å’Œç¦å¿Œï¼Œè¦æ ¹æ®è‡ªå·±çš„æƒ…å†µæ¥é€‰æ‹©é€‚åˆçš„èŒ¶å–æ‰æ˜¯æ˜æ™ºçš„å“¦ï¼ 	 #èŒ¶çŸ¥è¯†#èŒ¶ç”Ÿæ´»#æ³¡ä¸€å£¶å¥½èŒ¶#åˆ†äº«èŒ¶çŸ¥è¯†ä¼ æ’­èŒ¶æ–‡åŒ–#å¬å”¤èŒ¶å‹#èŒ¶å¶#åœ¨å®¶æ›´çˆ±å–èŒ¶#èŒ¶#å…»ç”Ÿå¥½ç‰©#çˆ±èŒ¶çˆ±ç”Ÿæ´»,16,6381,411,03-29,IPå±åœ°ï¼šå®‰å¾½,å°çº¢ä¹¦å·ï¼š533633962,ä¹ èŒ¶14å¹´ / æ·±è€•11å¹´ / æ•™å­¦6å¹´ ç§‘æ™®èŒ¶çŸ¥è¯† / è¯†å¥½èŒ¶å–å¥½èŒ¶ ğŸµå¯å…»ç”Ÿ / å¯ä¿®å¿ƒ / å¯å…»æ€§ ğŸ“®ï¼š721829393@qq.com,62,2946,4.6ä¸‡,å¤§æ¸”,æ€§å¹³å’Œæ€§æ¸©æœ‰åŒºåˆ«å—,1 å¤©å‰,å››å·
èŒ¶çŸ¥è¯†ğŸµä¸€å¼ å›¾å‘Šè¯‰ä½ é€‚åˆä»€ä¹ˆèŒ¶ğŸ‰‘æ”¶è—,èŒ¶äººå…»æˆç¬”è®°,https://www.xiaohongshu.com/search_result/6606bcc9000000001a00d308?xsec_token=ABcdXn4HwVwhyHd8UlD0bVQtHJCRvqLMvv5pAaV92qJI4=&xsec_source=pc_search,å›¾æ–‡,"https://sns-webpic-qc.xhscdn.com/202411060936/7b0e2eb29b72825bde70ef4aa48ffed8/1040g008310u8p8igmo5g5n0o9ka1e5509qb1b7o!nd_dft_wlteh_webp_3
https://sns-webpic-qc.xhscdn.com/202411060936/2d5be8c271f4ab0ce6c4178e712ee412/1040g008310u8p8igmo6g5n0o9ka1e550tdtqbd0!nd_dft_wlteh_webp_3
https://sns-webpic-qc.xhscdn.com/202411060936/30f3097ec566c5b2eb9bfec529309b55/1040g008310u8p8igmo605n0o9ka1e550fn83je0!nd_dft_wlteh_webp_3
https://sns-webpic-qc.xhscdn.com/202411060936/7b0e2eb29b72825bde70ef4aa48ffed8/1040g008310u8p8igmo5g5n0o9ka1e5509qb1b7o!nd_dft_wlteh_webp_3
https://sns-webpic-qc.xhscdn.com/202411060936/2d5be8c271f4ab0ce6c4178e712ee412/1040g008310u8p8igmo6g5n0o9ka1e550tdtqbd0!nd_dft_wlteh_webp_3
",-,æ¥äº†è§£ä½ é€‚åˆå–å“ªæ¬¾èŒ¶ã€‚ ä¸­å›½å…­å¤§èŒ¶ç±»ï¼Œä½ å–å¯¹äº†å—ï¼Ÿ 	 ä¸åŒèŒ¶ç±»å› ä¸ºåŠ å·¥å·¥è‰ºã€å“ç§ã€åœ°åŸŸã€å­£èŠ‚ç­‰å› ç´ çš„å·®å¼‚ï¼Œå†…å«ç‰©çš„å«é‡ä¼šæœ‰æ‰€ä¸åŒï¼Œå…¶æ€§å‘³ç‰¹ç‚¹å’Œä½œç”¨ä¹Ÿæœ‰æ‰€ä¾§é‡ã€‚ 	 æµ™å¤§ç‹å²³é£æ•™æˆåœ¨ã€ŠèŒ¶æ–‡åŒ–ä¸èŒ¶å¥åº·ã€‹è¯¾ç¨‹é‡Œå¯¹å…­å¤§æ€§è´¨åšäº†åˆ’åˆ†ã€‚ 	 æˆ‘ä»¬å–èŒ¶çš„ç›®çš„å°±æ˜¯è¦è®©è‡ªå·±çš„èº«ä½“å¾€å¹³å’Œè´¨å»å‘å±•ï¼Œä½¿èº«ä½“è¶Šæ¥è¶Šå¥åº·ã€‚ä¸åŒæ€§åˆ«ã€å¹´é¾„ã€ä½“è´¨ã€ç”Ÿæ´»ç¯å¢ƒåŠå­£èŠ‚ï¼Œéƒ½åº”å½“æœ‰ä¸åŒçš„é¥®èŒ¶é€‰æ‹©ã€‚ 	 æ¯ç§èŒ¶ç±»éƒ½æœ‰é€‚å®œäººç¾¤å’Œç¦å¿Œï¼Œè¦æ ¹æ®è‡ªå·±çš„æƒ…å†µæ¥é€‰æ‹©é€‚åˆçš„èŒ¶å–æ‰æ˜¯æ˜æ™ºçš„å“¦ï¼ 	 #èŒ¶çŸ¥è¯†#èŒ¶ç”Ÿæ´»#æ³¡ä¸€å£¶å¥½èŒ¶#åˆ†äº«èŒ¶çŸ¥è¯†ä¼ æ’­èŒ¶æ–‡åŒ–#å¬å”¤èŒ¶å‹#èŒ¶å¶#åœ¨å®¶æ›´çˆ±å–èŒ¶#èŒ¶#å…»ç”Ÿå¥½ç‰©#çˆ±èŒ¶çˆ±ç”Ÿæ´»,16,6381,411,03-29,IPå±åœ°ï¼šå®‰å¾½,å°çº¢ä¹¦å·ï¼š533633962,ä¹ èŒ¶14å¹´ / æ·±è€•11å¹´ / æ•™å­¦6å¹´ ç§‘æ™®èŒ¶çŸ¥è¯† / è¯†å¥½èŒ¶å–å¥½èŒ¶ ğŸµå¯å…»ç”Ÿ / å¯ä¿®å¿ƒ / å¯å…»æ€§ ğŸ“®ï¼š721829393@qq.com,62,2946,4.6ä¸‡,ä½ çš„èƒŒå½±å‘¢,ç»å¸¸ä¸Šç«é€‚åˆå–ä»€ä¹ˆèŒ¶,6 å¤©å‰,é’æµ·
èŒ¶çŸ¥è¯†ğŸµä¸€å¼ å›¾å‘Šè¯‰ä½ é€‚åˆä»€ä¹ˆèŒ¶ğŸ‰‘æ”¶è—,èŒ¶äººå…»æˆç¬”è®°,https://www.xiaohongshu.com/search_result/6606bcc9000000001a00d308?xsec_token=ABcdXn4HwVwhyHd8UlD0bVQtHJCRvqLMvv5pAaV92qJI4=&xsec_source=pc_search,å›¾æ–‡,"https://sns-webpic-qc.xhscdn.com/202411060936/7b0e2eb29b72825bde70ef4aa48ffed8/1040g008310u8p8igmo5g5n0o9ka1e5509qb1b7o!nd_dft_wlteh_webp_3
https://sns-webpic-qc.xhscdn.com/202411060936/2d5be8c271f4ab0ce6c4178e712ee412/1040g008310u8p8igmo6g5n0o9ka1e550tdtqbd0!nd_dft_wlteh_webp_3
https://sns-webpic-qc.xhscdn.com/202411060936/30f3097ec566c5b2eb9bfec529309b55/1040g008310u8p8igmo605n0o9ka1e550fn83je0!nd_dft_wlteh_webp_3
https://sns-webpic-qc.xhscdn.com/202411060936/7b0e2eb29b72825bde70ef4aa48ffed8/1040g008310u8p8igmo5g5n0o9ka1e5509qb1b7o!nd_dft_wlteh_webp_3
https://sns-webpic-qc.xhscdn.com/202411060936/2d5be8c271f4ab0ce6c4178e712ee412/1040g008310u8p8igmo6g5n0o9ka1e550tdtqbd0!nd_dft_wlteh_webp_3
",-,æ¥äº†è§£ä½ é€‚åˆå–å“ªæ¬¾èŒ¶ã€‚ ä¸­å›½å…­å¤§èŒ¶ç±»ï¼Œä½ å–å¯¹äº†å—ï¼Ÿ 	 ä¸åŒèŒ¶ç±»å› ä¸ºåŠ å·¥å·¥è‰ºã€å“ç§ã€åœ°åŸŸã€å­£èŠ‚ç­‰å› ç´ çš„å·®å¼‚ï¼Œå†…å«ç‰©çš„å«é‡ä¼šæœ‰æ‰€ä¸åŒï¼Œå…¶æ€§å‘³ç‰¹ç‚¹å’Œä½œç”¨ä¹Ÿæœ‰æ‰€ä¾§é‡ã€‚ 	 æµ™å¤§ç‹å²³é£æ•™æˆåœ¨ã€ŠèŒ¶æ–‡åŒ–ä¸èŒ¶å¥åº·ã€‹è¯¾ç¨‹é‡Œå¯¹å…­å¤§æ€§è´¨åšäº†åˆ’åˆ†ã€‚ 	 æˆ‘ä»¬å–èŒ¶çš„ç›®çš„å°±æ˜¯è¦è®©è‡ªå·±çš„èº«ä½“å¾€å¹³å’Œè´¨å»å‘å±•ï¼Œä½¿èº«ä½“è¶Šæ¥è¶Šå¥åº·ã€‚ä¸åŒæ€§åˆ«ã€å¹´é¾„ã€ä½“è´¨ã€ç”Ÿæ´»ç¯å¢ƒåŠå­£èŠ‚ï¼Œéƒ½åº”å½“æœ‰ä¸åŒçš„é¥®èŒ¶é€‰æ‹©ã€‚ 	 æ¯ç§èŒ¶ç±»éƒ½æœ‰é€‚å®œäººç¾¤å’Œç¦å¿Œï¼Œè¦æ ¹æ®è‡ªå·±çš„æƒ…å†µæ¥é€‰æ‹©é€‚åˆçš„èŒ¶å–æ‰æ˜¯æ˜æ™ºçš„å“¦ï¼ 	 #èŒ¶çŸ¥è¯†#èŒ¶ç”Ÿæ´»#æ³¡ä¸€å£¶å¥½èŒ¶#åˆ†äº«èŒ¶çŸ¥è¯†ä¼ æ’­èŒ¶æ–‡åŒ–#å¬å”¤èŒ¶å‹#èŒ¶å¶#åœ¨å®¶æ›´çˆ±å–èŒ¶#èŒ¶#å…»ç”Ÿå¥½ç‰©#çˆ±èŒ¶çˆ±ç”Ÿæ´»,16,6381,411,03-29,IPå±åœ°ï¼šå®‰å¾½,å°çº¢ä¹¦å·ï¼š533633962,ä¹ èŒ¶14å¹´ / æ·±è€•11å¹´ / æ•™å­¦6å¹´ ç§‘æ™®èŒ¶çŸ¥è¯† / è¯†å¥½èŒ¶å–å¥½èŒ¶ ğŸµå¯å…»ç”Ÿ / å¯ä¿®å¿ƒ / å¯å…»æ€§ ğŸ“®ï¼š721829393@qq.com,62,2946,4.6ä¸‡,åŠªåŠ›å˜å¥½çš„å©§å©§,é»‘èŒ¶æ˜¯ä»€ä¹ˆèŒ¶å‘¢,7 å¤©å‰,å››å·
èŒ¶çŸ¥è¯†ğŸµä¸€å¼ å›¾å‘Šè¯‰ä½ é€‚åˆä»€ä¹ˆèŒ¶ğŸ‰‘æ”¶è—,èŒ¶äººå…»æˆç¬”è®°,https://www.xiaohongshu.com/search_result/6606bcc9000000001a00d308?xsec_token=ABcdXn4HwVwhyHd8UlD0bVQtHJCRvqLMvv5pAaV92qJI4=&xsec_source=pc_search,å›¾æ–‡,"https://sns-webpic-qc.xhscdn.com/202411060936/7b0e2eb29b72825bde70ef4aa48ffed8/1040g008310u8p8igmo5g5n0o9ka1e5509qb1b7o!nd_dft_wlteh_webp_3
https://sns-webpic-qc.xhscdn.com/202411060936/2d5be8c271f4ab0ce6c4178e712ee412/1040g008310u8p8igmo6g5n0o9ka1e550tdtqbd0!nd_dft_wlteh_webp_3
https://sns-webpic-qc.xhscdn.com/202411060936/30f3097ec566c5b2eb9bfec529309b55/1040g008310u8p8igmo605n0o9ka1e550fn83je0!nd_dft_wlteh_webp_3
https://sns-webpic-qc.xhscdn.com/202411060936/7b0e2eb29b72825bde70ef4aa48ffed8/1040g008310u8p8igmo5g5n0o9ka1e5509qb1b7o!nd_dft_wlteh_webp_3
https://sns-webpic-qc.xhscdn.com/202411060936/2d5be8c271f4ab0ce6c4178e712ee412/1040g008310u8p8igmo6g5n0o9ka1e550tdtqbd0!nd_dft_wlteh_webp_3
",-,æ¥äº†è§£ä½ é€‚åˆå–å“ªæ¬¾èŒ¶ã€‚ ä¸­å›½å…­å¤§èŒ¶ç±»ï¼Œä½ å–å¯¹äº†å—ï¼Ÿ 	 ä¸åŒèŒ¶ç±»å› ä¸ºåŠ å·¥å·¥è‰ºã€å“ç§ã€åœ°åŸŸã€å­£èŠ‚ç­‰å› ç´ çš„å·®å¼‚ï¼Œå†…å«ç‰©çš„å«é‡ä¼šæœ‰æ‰€ä¸åŒï¼Œå…¶æ€§å‘³ç‰¹ç‚¹å’Œä½œç”¨ä¹Ÿæœ‰æ‰€ä¾§é‡ã€‚ 	 æµ™å¤§ç‹å²³é£æ•™æˆåœ¨ã€ŠèŒ¶æ–‡åŒ–ä¸èŒ¶å¥åº·ã€‹è¯¾ç¨‹é‡Œå¯¹å…­å¤§æ€§è´¨åšäº†åˆ’åˆ†ã€‚ 	 æˆ‘ä»¬å–èŒ¶çš„ç›®çš„å°±æ˜¯è¦è®©è‡ªå·±çš„èº«ä½“å¾€å¹³å’Œè´¨å»å‘å±•ï¼Œä½¿èº«ä½“è¶Šæ¥è¶Šå¥åº·ã€‚ä¸åŒæ€§åˆ«ã€å¹´é¾„ã€ä½“è´¨ã€ç”Ÿæ´»ç¯å¢ƒåŠå­£èŠ‚ï¼Œéƒ½åº”å½“æœ‰ä¸åŒçš„é¥®èŒ¶é€‰æ‹©ã€‚ 	 æ¯ç§èŒ¶ç±»éƒ½æœ‰é€‚å®œäººç¾¤å’Œç¦å¿Œï¼Œè¦æ ¹æ®è‡ªå·±çš„æƒ…å†µæ¥é€‰æ‹©é€‚åˆçš„èŒ¶å–æ‰æ˜¯æ˜æ™ºçš„å“¦ï¼ 	 #èŒ¶çŸ¥è¯†#èŒ¶ç”Ÿæ´»#æ³¡ä¸€å£¶å¥½èŒ¶#åˆ†äº«èŒ¶çŸ¥è¯†ä¼ æ’­èŒ¶æ–‡åŒ–#å¬å”¤èŒ¶å‹#èŒ¶å¶#åœ¨å®¶æ›´çˆ±å–èŒ¶#èŒ¶#å…»ç”Ÿå¥½ç‰©#çˆ±èŒ¶çˆ±ç”Ÿæ´»,16,6381,411,03-29,IPå±åœ°ï¼šå®‰å¾½,å°çº¢ä¹¦å·ï¼š533633962,ä¹ èŒ¶14å¹´ / æ·±è€•11å¹´ / æ•™å­¦6å¹´ ç§‘æ™®èŒ¶çŸ¥è¯† / è¯†å¥½èŒ¶å–å¥½èŒ¶ ğŸµå¯å…»ç”Ÿ / å¯ä¿®å¿ƒ / å¯å…»æ€§ ğŸ“®ï¼š721829393@qq.com,62,2946,4.6ä¸‡,èŠ¥æœ«å°ç†ŠPada,é‚£è‡ªå·±åˆ°åº•é€‚åˆå–å“ªç§å•Šï¼Ÿ,10-24,æ²³å—
èŒ¶çŸ¥è¯†ğŸµä¸€å¼ å›¾å‘Šè¯‰ä½ é€‚åˆä»€ä¹ˆèŒ¶ğŸ‰‘æ”¶è—,èŒ¶äººå…»æˆç¬”è®°,https://www.xiaohongshu.com/search_result/6606bcc9000000001a00d308?xsec_token=ABcdXn4HwVwhyHd8UlD0bVQtHJCRvqLMvv5pAaV92qJI4=&xsec_source=pc_search,å›¾æ–‡,"https://sns-webpic-qc.xhscdn.com/202411060936/7b0e2eb29b72825bde70ef4aa48ffed8/1040g008310u8p8igmo5g5n0o9ka1e5509qb1b7o!nd_dft_wlteh_webp_3
https://sns-webpic-qc.xhscdn.com/202411060936/2d5be8c271f4ab0ce6c4178e712ee412/1040g008310u8p8igmo6g5n0o9ka1e550tdtqbd0!nd_dft_wlteh_webp_3
https://sns-webpic-qc.xhscdn.com/202411060936/30f3097ec566c5b2eb9bfec529309b55/1040g008310u8p8igmo605n0o9ka1e550fn83je0!nd_dft_wlteh_webp_3
https://sns-webpic-qc.xhscdn.com/202411060936/7b0e2eb29b72825bde70ef4aa48ffed8/1040g008310u8p8igmo5g5n0o9ka1e5509qb1b7o!nd_dft_wlteh_webp_3
https://sns-webpic-qc.xhscdn.com/202411060936/2d5be8c271f4ab0ce6c4178e712ee412/1040g008310u8p8igmo6g5n0o9ka1e550tdtqbd0!nd_dft_wlteh_webp_3
",-,æ¥äº†è§£ä½ é€‚åˆå–å“ªæ¬¾èŒ¶ã€‚ ä¸­å›½å…­å¤§èŒ¶ç±»ï¼Œä½ å–å¯¹äº†å—ï¼Ÿ 	 ä¸åŒèŒ¶ç±»å› ä¸ºåŠ å·¥å·¥è‰ºã€å“ç§ã€åœ°åŸŸã€å­£èŠ‚ç­‰å› ç´ çš„å·®å¼‚ï¼Œå†…å«ç‰©çš„å«é‡ä¼šæœ‰æ‰€ä¸åŒï¼Œå…¶æ€§å‘³ç‰¹ç‚¹å’Œä½œç”¨ä¹Ÿæœ‰æ‰€ä¾§é‡ã€‚ 	 æµ™å¤§ç‹å²³é£æ•™æˆåœ¨ã€ŠèŒ¶æ–‡åŒ–ä¸èŒ¶å¥åº·ã€‹è¯¾ç¨‹é‡Œå¯¹å…­å¤§æ€§è´¨åšäº†åˆ’åˆ†ã€‚ 	 æˆ‘ä»¬å–èŒ¶çš„ç›®çš„å°±æ˜¯è¦è®©è‡ªå·±çš„èº«ä½“å¾€å¹³å’Œè´¨å»å‘å±•ï¼Œä½¿èº«ä½“è¶Šæ¥è¶Šå¥åº·ã€‚ä¸åŒæ€§åˆ«ã€å¹´é¾„ã€ä½“è´¨ã€ç”Ÿæ´»ç¯å¢ƒåŠå­£èŠ‚ï¼Œéƒ½åº”å½“æœ‰ä¸åŒçš„é¥®èŒ¶é€‰æ‹©ã€‚ 	 æ¯ç§èŒ¶ç±»éƒ½æœ‰é€‚å®œäººç¾¤å’Œç¦å¿Œï¼Œè¦æ ¹æ®è‡ªå·±çš„æƒ…å†µæ¥é€‰æ‹©é€‚åˆçš„èŒ¶å–æ‰æ˜¯æ˜æ™ºçš„å“¦ï¼ 	 #èŒ¶çŸ¥è¯†#èŒ¶ç”Ÿæ´»#æ³¡ä¸€å£¶å¥½èŒ¶#åˆ†äº«èŒ¶çŸ¥è¯†ä¼ æ’­èŒ¶æ–‡åŒ–#å¬å”¤èŒ¶å‹#èŒ¶å¶#åœ¨å®¶æ›´çˆ±å–èŒ¶#èŒ¶#å…»ç”Ÿå¥½ç‰©#çˆ±èŒ¶çˆ±ç”Ÿæ´»,16,6381,411,03-29,IPå±åœ°ï¼šå®‰å¾½,å°çº¢ä¹¦å·ï¼š533633962,ä¹ èŒ¶14å¹´ / æ·±è€•11å¹´ / æ•™å­¦6å¹´ ç§‘æ™®èŒ¶çŸ¥è¯† / è¯†å¥½èŒ¶å–å¥½èŒ¶ ğŸµå¯å…»ç”Ÿ / å¯ä¿®å¿ƒ / å¯å…»æ€§ ğŸ“®ï¼š721829393@qq.com,62,2946,4.6ä¸‡,ç‹æ¢“è§,ç»¿èŒ¶æ€§å¯’å•Šï¼Ÿè¿˜ä¼šå‡å°‘ç¡çœ ï¼Ÿ,10-24,ç¦å»º
èŒ¶çŸ¥è¯†ğŸµä¸€å¼ å›¾å‘Šè¯‰ä½ é€‚åˆä»€ä¹ˆèŒ¶ğŸ‰‘æ”¶è—,èŒ¶äººå…»æˆç¬”è®°,https://www.xiaohongshu.com/search_result/6606bcc9000000001a00d308?xsec_token=ABcdXn4HwVwhyHd8UlD0bVQtHJCRvqLMvv5pAaV92qJI4=&xsec_source=pc_search,å›¾æ–‡,"https://sns-webpic-qc.xhscdn.com/202411060936/7b0e2eb29b72825bde70ef4aa48ffed8/1040g008310u8p8igmo5g5n0o9ka1e5509qb1b7o!nd_dft_wlteh_webp_3
https://sns-webpic-qc.xhscdn.com/202411060936/2d5be8c271f4ab0ce6c4178e712ee412/1040g008310u8p8igmo6g5n0o9ka1e550tdtqbd0!nd_dft_wlteh_webp_3
https://sns-webpic-qc.xhscdn.com/202411060936/30f3097ec566c5b2eb9bfec529309b55/1040g008310u8p8igmo605n0o9ka1e550fn83je0!nd_dft_wlteh_webp_3
https://sns-webpic-qc.xhscdn.com/202411060936/7b0e2eb29b72825bde70ef4aa48ffed8/1040g008310u8p8igmo5g5n0o9ka1e5509qb1b7o!nd_dft_wlteh_webp_3
https://sns-webpic-qc.xhscdn.com/202411060936/2d5be8c271f4ab0ce6c4178e712ee412/1040g008310u8p8igmo6g5n0o9ka1e550tdtqbd0!nd_dft_wlteh_webp_3
",-,æ¥äº†è§£ä½ é€‚åˆå–å“ªæ¬¾èŒ¶ã€‚ ä¸­å›½å…­å¤§èŒ¶ç±»ï¼Œä½ å–å¯¹äº†å—ï¼Ÿ 	 ä¸åŒèŒ¶ç±»å› ä¸ºåŠ å·¥å·¥è‰ºã€å“ç§ã€åœ°åŸŸã€å­£èŠ‚ç­‰å› ç´ çš„å·®å¼‚ï¼Œå†…å«ç‰©çš„å«é‡ä¼šæœ‰æ‰€ä¸åŒï¼Œå…¶æ€§å‘³ç‰¹ç‚¹å’Œä½œç”¨ä¹Ÿæœ‰æ‰€ä¾§é‡ã€‚ 	 æµ™å¤§ç‹å²³é£æ•™æˆåœ¨ã€ŠèŒ¶æ–‡åŒ–ä¸èŒ¶å¥åº·ã€‹è¯¾ç¨‹é‡Œå¯¹å…­å¤§æ€§è´¨åšäº†åˆ’åˆ†ã€‚ 	 æˆ‘ä»¬å–èŒ¶çš„ç›®çš„å°±æ˜¯è¦è®©è‡ªå·±çš„èº«ä½“å¾€å¹³å’Œè´¨å»å‘å±•ï¼Œä½¿èº«ä½“è¶Šæ¥è¶Šå¥åº·ã€‚ä¸åŒæ€§åˆ«ã€å¹´é¾„ã€ä½“è´¨ã€ç”Ÿæ´»ç¯å¢ƒåŠå­£èŠ‚ï¼Œéƒ½åº”å½“æœ‰ä¸åŒçš„é¥®èŒ¶é€‰æ‹©ã€‚ 	 æ¯ç§èŒ¶ç±»éƒ½æœ‰é€‚å®œäººç¾¤å’Œç¦å¿Œï¼Œè¦æ ¹æ®è‡ªå·±çš„æƒ…å†µæ¥é€‰æ‹©é€‚åˆçš„èŒ¶å–æ‰æ˜¯æ˜æ™ºçš„å“¦ï¼ 	 #èŒ¶çŸ¥è¯†#èŒ¶ç”Ÿæ´»#æ³¡ä¸€å£¶å¥½èŒ¶#åˆ†äº«èŒ¶çŸ¥è¯†ä¼ æ’­èŒ¶æ–‡åŒ–#å¬å”¤èŒ¶å‹#èŒ¶å¶#åœ¨å®¶æ›´çˆ±å–èŒ¶#èŒ¶#å…»ç”Ÿå¥½ç‰©#çˆ±èŒ¶çˆ±ç”Ÿæ´»,16,6381,411,03-29,IPå±åœ°ï¼šå®‰å¾½,å°çº¢ä¹¦å·ï¼š533633962,ä¹ èŒ¶14å¹´ / æ·±è€•11å¹´ / æ•™å­¦6å¹´ ç§‘æ™®èŒ¶çŸ¥è¯† / è¯†å¥½èŒ¶å–å¥½èŒ¶ ğŸµå¯å…»ç”Ÿ / å¯ä¿®å¿ƒ / å¯å…»æ€§ ğŸ“®ï¼š721829393@qq.com,62,2946,4.6ä¸‡,ğŸ˜‹,æ€ä¹ˆåˆ†è¾¨è‡ªå·±æ˜¯ä¸æ˜¯èƒƒå¯’å‘¢,10-23,å¹¿ä¸œ
èŒ¶çŸ¥è¯†ğŸµä¸€å¼ å›¾å‘Šè¯‰ä½ é€‚åˆä»€ä¹ˆèŒ¶ğŸ‰‘æ”¶è—,èŒ¶äººå…»æˆç¬”è®°,https://www.xiaohongshu.com/search_result/6606bcc9000000001a00d308?xsec_token=ABcdXn4HwVwhyHd8UlD0bVQtHJCRvqLMvv5pAaV92qJI4=&xsec_source=pc_search,å›¾æ–‡,"https://sns-webpic-qc.xhscdn.com/202411060936/7b0e2eb29b72825bde70ef4aa48ffed8/1040g008310u8p8igmo5g5n0o9ka1e5509qb1b7o!nd_dft_wlteh_webp_3
https://sns-webpic-qc.xhscdn.com/202411060936/2d5be8c271f4ab0ce6c4178e712ee412/1040g008310u8p8igmo6g5n0o9ka1e550tdtqbd0!nd_dft_wlteh_webp_3
https://sns-webpic-qc.xhscdn.com/202411060936/30f3097ec566c5b2eb9bfec529309b55/1040g008310u8p8igmo605n0o9ka1e550fn83je0!nd_dft_wlteh_webp_3
https://sns-webpic-qc.xhscdn.com/202411060936/7b0e2eb29b72825bde70ef4aa48ffed8/1040g008310u8p8igmo5g5n0o9ka1e5509qb1b7o!nd_dft_wlteh_webp_3
https://sns-webpic-qc.xhscdn.com/202411060936/2d5be8c271f4ab0ce6c4178e712ee412/1040g008310u8p8igmo6g5n0o9ka1e550tdtqbd0!nd_dft_wlteh_webp_3
",-,æ¥äº†è§£ä½ é€‚åˆå–å“ªæ¬¾èŒ¶ã€‚ ä¸­å›½å…­å¤§èŒ¶ç±»ï¼Œä½ å–å¯¹äº†å—ï¼Ÿ 	 ä¸åŒèŒ¶ç±»å› ä¸ºåŠ å·¥å·¥è‰ºã€å“ç§ã€åœ°åŸŸã€å­£èŠ‚ç­‰å› ç´ çš„å·®å¼‚ï¼Œå†…å«ç‰©çš„å«é‡ä¼šæœ‰æ‰€ä¸åŒï¼Œå…¶æ€§å‘³ç‰¹ç‚¹å’Œä½œç”¨ä¹Ÿæœ‰æ‰€ä¾§é‡ã€‚ 	 æµ™å¤§ç‹å²³é£æ•™æˆåœ¨ã€ŠèŒ¶æ–‡åŒ–ä¸èŒ¶å¥åº·ã€‹è¯¾ç¨‹é‡Œå¯¹å…­å¤§æ€§è´¨åšäº†åˆ’åˆ†ã€‚ 	 æˆ‘ä»¬å–èŒ¶çš„ç›®çš„å°±æ˜¯è¦è®©è‡ªå·±çš„èº«ä½“å¾€å¹³å’Œè´¨å»å‘å±•ï¼Œä½¿èº«ä½“è¶Šæ¥è¶Šå¥åº·ã€‚ä¸åŒæ€§åˆ«ã€å¹´é¾„ã€ä½“è´¨ã€ç”Ÿæ´»ç¯å¢ƒåŠå­£èŠ‚ï¼Œéƒ½åº”å½“æœ‰ä¸åŒçš„é¥®èŒ¶é€‰æ‹©ã€‚ 	 æ¯ç§èŒ¶ç±»éƒ½æœ‰é€‚å®œäººç¾¤å’Œç¦å¿Œï¼Œè¦æ ¹æ®è‡ªå·±çš„æƒ…å†µæ¥é€‰æ‹©é€‚åˆçš„èŒ¶å–æ‰æ˜¯æ˜æ™ºçš„å“¦ï¼ 	 #èŒ¶çŸ¥è¯†#èŒ¶ç”Ÿæ´»#æ³¡ä¸€å£¶å¥½èŒ¶#åˆ†äº«èŒ¶çŸ¥è¯†ä¼ æ’­èŒ¶æ–‡åŒ–#å¬å”¤èŒ¶å‹#èŒ¶å¶#åœ¨å®¶æ›´çˆ±å–èŒ¶#èŒ¶#å…»ç”Ÿå¥½ç‰©#çˆ±èŒ¶çˆ±ç”Ÿæ´»,16,6381,411,03-29,IPå±åœ°ï¼šå®‰å¾½,å°çº¢ä¹¦å·ï¼š533633962,ä¹ èŒ¶14å¹´ / æ·±è€•11å¹´ / æ•™å­¦6å¹´ ç§‘æ™®èŒ¶çŸ¥è¯† / è¯†å¥½èŒ¶å–å¥½èŒ¶ ğŸµå¯å…»ç”Ÿ / å¯ä¿®å¿ƒ / å¯å…»æ€§ ğŸ“®ï¼š721829393@qq.com,62,2946,4.6ä¸‡,äº‘é‡,å“ªç§æç¥å¥½ä¸€ç‚¹å“‡(é™¤äº†ç»¿èŒ¶)ï¼Œæˆ‘çœ‹æœ‰çš„è¯´ä¹Œé¾™ï¼Œä½ è¿™æ€ä¹ˆè¯´çº¢èŒ¶å˜ï¼Œå¯ä»¥è¯´è¯´å—,10-22,å®‰å¾½
èŒ¶çŸ¥è¯†ğŸµä¸€å¼ å›¾å‘Šè¯‰ä½ é€‚åˆä»€ä¹ˆèŒ¶ğŸ‰‘æ”¶è—,èŒ¶äººå…»æˆç¬”è®°,https://www.xiaohongshu.com/search_result/6606bcc9000000001a00d308?xsec_token=ABcdXn4HwVwhyHd8UlD0bVQtHJCRvqLMvv5pAaV92qJI4=&xsec_source=pc_search,å›¾æ–‡,"https://sns-webpic-qc.xhscdn.com/202411060936/7b0e2eb29b72825bde70ef4aa48ffed8/1040g008310u8p8igmo5g5n0o9ka1e5509qb1b7o!nd_dft_wlteh_webp_3
https://sns-webpic-qc.xhscdn.com/202411060936/2d5be8c271f4ab0ce6c4178e712ee412/1040g008310u8p8igmo6g5n0o9ka1e550tdtqbd0!nd_dft_wlteh_webp_3
https://sns-webpic-qc.xhscdn.com/202411060936/30f3097ec566c5b2eb9bfec529309b55/1040g008310u8p8igmo605n0o9ka1e550fn83je0!nd_dft_wlteh_webp_3
https://sns-webpic-qc.xhscdn.com/202411060936/7b0e2eb29b72825bde70ef4aa48ffed8/1040g008310u8p8igmo5g5n0o9ka1e5509qb1b7o!nd_dft_wlteh_webp_3
https://sns-webpic-qc.xhscdn.com/202411060936/2d5be8c271f4ab0ce6c4178e712ee412/1040g008310u8p8igmo6g5n0o9ka1e550tdtqbd0!nd_dft_wlteh_webp_3
",-,æ¥äº†è§£ä½ é€‚åˆå–å“ªæ¬¾èŒ¶ã€‚ ä¸­å›½å…­å¤§èŒ¶ç±»ï¼Œä½ å–å¯¹äº†å—ï¼Ÿ 	 ä¸åŒèŒ¶ç±»å› ä¸ºåŠ å·¥å·¥è‰ºã€å“ç§ã€åœ°åŸŸã€å­£èŠ‚ç­‰å› ç´ çš„å·®å¼‚ï¼Œå†…å«ç‰©çš„å«é‡ä¼šæœ‰æ‰€ä¸åŒï¼Œå…¶æ€§å‘³ç‰¹ç‚¹å’Œä½œç”¨ä¹Ÿæœ‰æ‰€ä¾§é‡ã€‚ 	 æµ™å¤§ç‹å²³é£æ•™æˆåœ¨ã€ŠèŒ¶æ–‡åŒ–ä¸èŒ¶å¥åº·ã€‹è¯¾ç¨‹é‡Œå¯¹å…­å¤§æ€§è´¨åšäº†åˆ’åˆ†ã€‚ 	 æˆ‘ä»¬å–èŒ¶çš„ç›®çš„å°±æ˜¯è¦è®©è‡ªå·±çš„èº«ä½“å¾€å¹³å’Œè´¨å»å‘å±•ï¼Œä½¿èº«ä½“è¶Šæ¥è¶Šå¥åº·ã€‚ä¸åŒæ€§åˆ«ã€å¹´é¾„ã€ä½“è´¨ã€ç”Ÿæ´»ç¯å¢ƒåŠå­£èŠ‚ï¼Œéƒ½åº”å½“æœ‰ä¸åŒçš„é¥®èŒ¶é€‰æ‹©ã€‚ 	 æ¯ç§èŒ¶ç±»éƒ½æœ‰é€‚å®œäººç¾¤å’Œç¦å¿Œï¼Œè¦æ ¹æ®è‡ªå·±çš„æƒ…å†µæ¥é€‰æ‹©é€‚åˆçš„èŒ¶å–æ‰æ˜¯æ˜æ™ºçš„å“¦ï¼ 	 #èŒ¶çŸ¥è¯†#èŒ¶ç”Ÿæ´»#æ³¡ä¸€å£¶å¥½èŒ¶#åˆ†äº«èŒ¶çŸ¥è¯†ä¼ æ’­èŒ¶æ–‡åŒ–#å¬å”¤èŒ¶å‹#èŒ¶å¶#åœ¨å®¶æ›´çˆ±å–èŒ¶#èŒ¶#å…»ç”Ÿå¥½ç‰©#çˆ±èŒ¶çˆ±ç”Ÿæ´»,16,6381,411,03-29,IPå±åœ°ï¼šå®‰å¾½,å°çº¢ä¹¦å·ï¼š533633962,ä¹ èŒ¶14å¹´ / æ·±è€•11å¹´ / æ•™å­¦6å¹´ ç§‘æ™®èŒ¶çŸ¥è¯† / è¯†å¥½èŒ¶å–å¥½èŒ¶ ğŸµå¯å…»ç”Ÿ / å¯ä¿®å¿ƒ / å¯å…»æ€§ ğŸ“®ï¼š721829393@qq.com,62,2946,4.6ä¸‡,è€ƒç ”åºŸå…šeræ±‚åŠ©å·,èƒƒå¯’å–ç»¿èŒ¶ï¼Œè¯·é—®æœ‰æ²¡æœ‰ä»€ä¹ˆåŠæ³•ä¸­å’Œå‡‰æ€§å•Šï¼Ÿæƒ³å–èŒ¶æç¥ï¼Œå¥½åƒå°±ç»¿èŒ¶æœ‰æåˆ°æç¥é†’è„‘åŠŸèƒ½,10-16,ç¦å»º
èŒ¶çŸ¥è¯†ğŸµä¸€å¼ å›¾å‘Šè¯‰ä½ é€‚åˆä»€ä¹ˆèŒ¶ğŸ‰‘æ”¶è—,èŒ¶äººå…»æˆç¬”è®°,https://www.xiaohongshu.com/search_result/6606bcc9000000001a00d308?xsec_token=ABcdXn4HwVwhyHd8UlD0bVQtHJCRvqLMvv5pAaV92qJI4=&xsec_source=pc_search,å›¾æ–‡,"https://sns-webpic-qc.xhscdn.com/202411060936/7b0e2eb29b72825bde70ef4aa48ffed8/1040g008310u8p8igmo5g5n0o9ka1e5509qb1b7o!nd_dft_wlteh_webp_3
https://sns-webpic-qc.xhscdn.com/202411060936/2d5be8c271f4ab0ce6c4178e712ee412/1040g008310u8p8igmo6g5n0o9ka1e550tdtqbd0!nd_dft_wlteh_webp_3
https://sns-webpic-qc.xhscdn.com/202411060936/30f3097ec566c5b2eb9bfec529309b55/1040g008310u8p8igmo605n0o9ka1e550fn83je0!nd_dft_wlteh_webp_3
https://sns-webpic-qc.xhscdn.com/202411060936/7b0e2eb29b72825bde70ef4aa48ffed8/1040g008310u8p8igmo5g5n0o9ka1e5509qb1b7o!nd_dft_wlteh_webp_3
https://sns-webpic-qc.xhscdn.com/202411060936/2d5be8c271f4ab0ce6c4178e712ee412/1040g008310u8p8igmo6g5n0o9ka1e550tdtqbd0!nd_dft_wlteh_webp_3
",-,æ¥äº†è§£ä½ é€‚åˆå–å“ªæ¬¾èŒ¶ã€‚ ä¸­å›½å…­å¤§èŒ¶ç±»ï¼Œä½ å–å¯¹äº†å—ï¼Ÿ 	 ä¸åŒèŒ¶ç±»å› ä¸ºåŠ å·¥å·¥è‰ºã€å“ç§ã€åœ°åŸŸã€å­£èŠ‚ç­‰å› ç´ çš„å·®å¼‚ï¼Œå†…å«ç‰©çš„å«é‡ä¼šæœ‰æ‰€ä¸åŒï¼Œå…¶æ€§å‘³ç‰¹ç‚¹å’Œä½œç”¨ä¹Ÿæœ‰æ‰€ä¾§é‡ã€‚ 	 æµ™å¤§ç‹å²³é£æ•™æˆåœ¨ã€ŠèŒ¶æ–‡åŒ–ä¸èŒ¶å¥åº·ã€‹è¯¾ç¨‹é‡Œå¯¹å…­å¤§æ€§è´¨åšäº†åˆ’åˆ†ã€‚ 	 æˆ‘ä»¬å–èŒ¶çš„ç›®çš„å°±æ˜¯è¦è®©è‡ªå·±çš„èº«ä½“å¾€å¹³å’Œè´¨å»å‘å±•ï¼Œä½¿èº«ä½“è¶Šæ¥è¶Šå¥åº·ã€‚ä¸åŒæ€§åˆ«ã€å¹´é¾„ã€ä½“è´¨ã€ç”Ÿæ´»ç¯å¢ƒåŠå­£èŠ‚ï¼Œéƒ½åº”å½“æœ‰ä¸åŒçš„é¥®èŒ¶é€‰æ‹©ã€‚ 	 æ¯ç§èŒ¶ç±»éƒ½æœ‰é€‚å®œäººç¾¤å’Œç¦å¿Œï¼Œè¦æ ¹æ®è‡ªå·±çš„æƒ…å†µæ¥é€‰æ‹©é€‚åˆçš„èŒ¶å–æ‰æ˜¯æ˜æ™ºçš„å“¦ï¼ 	 #èŒ¶çŸ¥è¯†#èŒ¶ç”Ÿæ´»#æ³¡ä¸€å£¶å¥½èŒ¶#åˆ†äº«èŒ¶çŸ¥è¯†ä¼ æ’­èŒ¶æ–‡åŒ–#å¬å”¤èŒ¶å‹#èŒ¶å¶#åœ¨å®¶æ›´çˆ±å–èŒ¶#èŒ¶#å…»ç”Ÿå¥½ç‰©#çˆ±èŒ¶çˆ±ç”Ÿæ´»,16,6381,411,03-29,IPå±åœ°ï¼šå®‰å¾½,å°çº¢ä¹¦å·ï¼š533633962,ä¹ èŒ¶14å¹´ / æ·±è€•11å¹´ / æ•™å­¦6å¹´ ç§‘æ™®èŒ¶çŸ¥è¯† / è¯†å¥½èŒ¶å–å¥½èŒ¶ ğŸµå¯å…»ç”Ÿ / å¯ä¿®å¿ƒ / å¯å…»æ€§ ğŸ“®ï¼š721829393@qq.com,62,2946,4.6ä¸‡,é›ªç¢§,é»‘èŒ¶ è´«è¡€ä¸é€‚åˆå–å—ï¼Ÿ,10-16,æµ·å—
èŒ¶çŸ¥è¯†ğŸµä¸€å¼ å›¾å‘Šè¯‰ä½ é€‚åˆä»€ä¹ˆèŒ¶ğŸ‰‘æ”¶è—,èŒ¶äººå…»æˆç¬”è®°,https://www.xiaohongshu.com/search_result/6606bcc9000000001a00d308?xsec_token=ABcdXn4HwVwhyHd8UlD0bVQtHJCRvqLMvv5pAaV92qJI4=&xsec_source=pc_search,å›¾æ–‡,"https://sns-webpic-qc.xhscdn.com/202411060936/7b0e2eb29b72825bde70ef4aa48ffed8/1040g008310u8p8igmo5g5n0o9ka1e5509qb1b7o!nd_dft_wlteh_webp_3
https://sns-webpic-qc.xhscdn.com/202411060936/2d5be8c271f4ab0ce6c4178e712ee412/1040g008310u8p8igmo6g5n0o9ka1e550tdtqbd0!nd_dft_wlteh_webp_3
https://sns-webpic-qc.xhscdn.com/202411060936/30f3097ec566c5b2eb9bfec529309b55/1040g008310u8p8igmo605n0o9ka1e550fn83je0!nd_dft_wlteh_webp_3
https://sns-webpic-qc.xhscdn.com/202411060936/7b0e2eb29b72825bde70ef4aa48ffed8/1040g008310u8p8igmo5g5n0o9ka1e5509qb1b7o!nd_dft_wlteh_webp_3
https://sns-webpic-qc.xhscdn.com/202411060936/2d5be8c271f4ab0ce6c4178e712ee412/1040g008310u8p8igmo6g5n0o9ka1e550tdtqbd0!nd_dft_wlteh_webp_3
",-,æ¥äº†è§£ä½ é€‚åˆå–å“ªæ¬¾èŒ¶ã€‚ ä¸­å›½å…­å¤§èŒ¶ç±»ï¼Œä½ å–å¯¹äº†å—ï¼Ÿ 	 ä¸åŒèŒ¶ç±»å› ä¸ºåŠ å·¥å·¥è‰ºã€å“ç§ã€åœ°åŸŸã€å­£èŠ‚ç­‰å› ç´ çš„å·®å¼‚ï¼Œå†…å«ç‰©çš„å«é‡ä¼šæœ‰æ‰€ä¸åŒï¼Œå…¶æ€§å‘³ç‰¹ç‚¹å’Œä½œç”¨ä¹Ÿæœ‰æ‰€ä¾§é‡ã€‚ 	 æµ™å¤§ç‹å²³é£æ•™æˆåœ¨ã€ŠèŒ¶æ–‡åŒ–ä¸èŒ¶å¥åº·ã€‹è¯¾ç¨‹é‡Œå¯¹å…­å¤§æ€§è´¨åšäº†åˆ’åˆ†ã€‚ 	 æˆ‘ä»¬å–èŒ¶çš„ç›®çš„å°±æ˜¯è¦è®©è‡ªå·±çš„èº«ä½“å¾€å¹³å’Œè´¨å»å‘å±•ï¼Œä½¿èº«ä½“è¶Šæ¥è¶Šå¥åº·ã€‚ä¸åŒæ€§åˆ«ã€å¹´é¾„ã€ä½“è´¨ã€ç”Ÿæ´»ç¯å¢ƒåŠå­£èŠ‚ï¼Œéƒ½åº”å½“æœ‰ä¸åŒçš„é¥®èŒ¶é€‰æ‹©ã€‚ 	 æ¯ç§èŒ¶ç±»éƒ½æœ‰é€‚å®œäººç¾¤å’Œç¦å¿Œï¼Œè¦æ ¹æ®è‡ªå·±çš„æƒ…å†µæ¥é€‰æ‹©é€‚åˆçš„èŒ¶å–æ‰æ˜¯æ˜æ™ºçš„å“¦ï¼ 	 #èŒ¶çŸ¥è¯†#èŒ¶ç”Ÿæ´»#æ³¡ä¸€å£¶å¥½èŒ¶#åˆ†äº«èŒ¶çŸ¥è¯†ä¼ æ’­èŒ¶æ–‡åŒ–#å¬å”¤èŒ¶å‹#èŒ¶å¶#åœ¨å®¶æ›´çˆ±å–èŒ¶#èŒ¶#å…»ç”Ÿå¥½ç‰©#çˆ±èŒ¶çˆ±ç”Ÿæ´»,16,6381,411,03-29,IPå±åœ°ï¼šå®‰å¾½,å°çº¢ä¹¦å·ï¼š533633962,ä¹ èŒ¶14å¹´ / æ·±è€•11å¹´ / æ•™å­¦6å¹´ ç§‘æ™®èŒ¶çŸ¥è¯† / è¯†å¥½èŒ¶å–å¥½èŒ¶ ğŸµå¯å…»ç”Ÿ / å¯ä¿®å¿ƒ / å¯å…»æ€§ ğŸ“®ï¼š721829393@qq.com,62,2946,4.6ä¸‡,daodaoå¨å¨,@å°é«˜ æ¥å­¦ä¹ ,10-09,ä¸Šæµ·
èŒ¶çŸ¥è¯†ğŸµä¸€å¼ å›¾å‘Šè¯‰ä½ é€‚åˆä»€ä¹ˆèŒ¶ğŸ‰‘æ”¶è—,èŒ¶äººå…»æˆç¬”è®°,https://www.xiaohongshu.com/search_result/6606bcc9000000001a00d308?xsec_token=ABcdXn4HwVwhyHd8UlD0bVQtHJCRvqLMvv5pAaV92qJI4=&xsec_source=pc_search,å›¾æ–‡,"https://sns-webpic-qc.xhscdn.com/202411060936/7b0e2eb29b72825bde70ef4aa48ffed8/1040g008310u8p8igmo5g5n0o9ka1e5509qb1b7o!nd_dft_wlteh_webp_3
https://sns-webpic-qc.xhscdn.com/202411060936/2d5be8c271f4ab0ce6c4178e712ee412/1040g008310u8p8igmo6g5n0o9ka1e550tdtqbd0!nd_dft_wlteh_webp_3
https://sns-webpic-qc.xhscdn.com/202411060936/30f3097ec566c5b2eb9bfec529309b55/1040g008310u8p8igmo605n0o9ka1e550fn83je0!nd_dft_wlteh_webp_3
https://sns-webpic-qc.xhscdn.com/202411060936/7b0e2eb29b72825bde70ef4aa48ffed8/1040g008310u8p8igmo5g5n0o9ka1e5509qb1b7o!nd_dft_wlteh_webp_3
https://sns-webpic-qc.xhscdn.com/202411060936/2d5be8c271f4ab0ce6c4178e712ee412/1040g008310u8p8igmo6g5n0o9ka1e550tdtqbd0!nd_dft_wlteh_webp_3
",-,æ¥äº†è§£ä½ é€‚åˆå–å“ªæ¬¾èŒ¶ã€‚ ä¸­å›½å…­å¤§èŒ¶ç±»ï¼Œä½ å–å¯¹äº†å—ï¼Ÿ 	 ä¸åŒèŒ¶ç±»å› ä¸ºåŠ å·¥å·¥è‰ºã€å“ç§ã€åœ°åŸŸã€å­£èŠ‚ç­‰å› ç´ çš„å·®å¼‚ï¼Œå†…å«ç‰©çš„å«é‡ä¼šæœ‰æ‰€ä¸åŒï¼Œå…¶æ€§å‘³ç‰¹ç‚¹å’Œä½œç”¨ä¹Ÿæœ‰æ‰€ä¾§é‡ã€‚ 	 æµ™å¤§ç‹å²³é£æ•™æˆåœ¨ã€ŠèŒ¶æ–‡åŒ–ä¸èŒ¶å¥åº·ã€‹è¯¾ç¨‹é‡Œå¯¹å…­å¤§æ€§è´¨åšäº†åˆ’åˆ†ã€‚ 	 æˆ‘ä»¬å–èŒ¶çš„ç›®çš„å°±æ˜¯è¦è®©è‡ªå·±çš„èº«ä½“å¾€å¹³å’Œè´¨å»å‘å±•ï¼Œä½¿èº«ä½“è¶Šæ¥è¶Šå¥åº·ã€‚ä¸åŒæ€§åˆ«ã€å¹´é¾„ã€ä½“è´¨ã€ç”Ÿæ´»ç¯å¢ƒåŠå­£èŠ‚ï¼Œéƒ½åº”å½“æœ‰ä¸åŒçš„é¥®èŒ¶é€‰æ‹©ã€‚ 	 æ¯ç§èŒ¶ç±»éƒ½æœ‰é€‚å®œäººç¾¤å’Œç¦å¿Œï¼Œè¦æ ¹æ®è‡ªå·±çš„æƒ…å†µæ¥é€‰æ‹©é€‚åˆçš„èŒ¶å–æ‰æ˜¯æ˜æ™ºçš„å“¦ï¼ 	 #èŒ¶çŸ¥è¯†#èŒ¶ç”Ÿæ´»#æ³¡ä¸€å£¶å¥½èŒ¶#åˆ†äº«èŒ¶çŸ¥è¯†ä¼ æ’­èŒ¶æ–‡åŒ–#å¬å”¤èŒ¶å‹#èŒ¶å¶#åœ¨å®¶æ›´çˆ±å–èŒ¶#èŒ¶#å…»ç”Ÿå¥½ç‰©#çˆ±èŒ¶çˆ±ç”Ÿæ´»,16,6381,411,03-29,IPå±åœ°ï¼šå®‰å¾½,å°çº¢ä¹¦å·ï¼š533633962,ä¹ èŒ¶14å¹´ / æ·±è€•11å¹´ / æ•™å­¦6å¹´ ç§‘æ™®èŒ¶çŸ¥è¯† / è¯†å¥½èŒ¶å–å¥½èŒ¶ ğŸµå¯å…»ç”Ÿ / å¯ä¿®å¿ƒ / å¯å…»æ€§ ğŸ“®ï¼š721829393@qq.com,62,2946,4.6ä¸‡,å¼¥å…‰,æƒ³æç¥ï¼Œä½†æ˜¯ä½“å¯’ï¼Œé•¿ç—˜ä¸Šç«å–ä»€ä¹ˆèŒ¶,10-07,é»‘é¾™æ±Ÿ
å®‰åŒ–é»‘èŒ¶ï½œğŸƒè‰²æ³½é»‘æ¶¦ï¼Œå—çŠ¶å¦‚ç –,èŒ¶ç±³æ²¹ç›ğŸƒ,https://www.xiaohongshu.com/search_result/65ccdb8f000000000b023202?xsec_token=AB7iK4fawbhEKmMUJHc2e56ROGwYDwLAbA2ygnvoZ-pZw=&xsec_source=pc_search,å›¾æ–‡,"https://sns-webpic-qc.xhscdn.com/202411060938/8c0af01e07efdaa664de5036c53e192f/1040g2sg30v5o1f5i5g6g5otmspj9ifh2o6hlreg!nd_dft_wlteh_webp_3
https://sns-webpic-qc.xhscdn.com/202411060938/edfb4077a7f5b25fa925e07cad5f4ffa/1040g2sg30v5o1f6d5c6g5otmspj9ifh2orka370!nd_dft_wlteh_webp_3
https://sns-webpic-qc.xhscdn.com/202411060938/7e24d159dde294206533c4260d345793/1040g00830v5o1f535i6g5otmspj9ifh2f07jh40!nd_dft_wlteh_webp_3
https://sns-webpic-qc.xhscdn.com/202411060938/f008fefa112a9f8af60e1b1ce4e5f0fe/1040g2sg30v5o1f5flg605otmspj9ifh2ak5vv90!nd_dft_wlteh_webp_3
https://sns-webpic-qc.xhscdn.com/202411060938/8c0af01e07efdaa664de5036c53e192f/1040g2sg30v5o1f5i5g6g5otmspj9ifh2o6hlreg!nd_dft_wlteh_webp_3
https://sns-webpic-qc.xhscdn.com/202411060938/edfb4077a7f5b25fa925e07cad5f4ffa/1040g2sg30v5o1f6d5c6g5otmspj9ifh2orka370!nd_dft_wlteh_webp_3
",-,ğŸµé»‘ç –èŒ¶ï¼Œå› ä»¥é»‘æ¯›èŒ¶ä¸ºåŸæ–™ï¼Œè‰²æ³½é»‘æ¶¦ï¼Œæˆå“å—çŠ¶å¦‚ç –è€Œå¾—åã€‚ä¼ ç»Ÿçš„é»‘ç –èŒ¶è¡¨é¢ä¸Šæ–¹ä¸€èˆ¬å°å‹æœ‰â€œé»‘ç –èŒ¶â€ä¸‰å­—ï¼Œä¸‹æ–¹å°æœ‰â€œæ¹–å—å®‰åŒ–â€å››å­—ï¼Œä¸­éƒ¨ä¸ºäº”è§’æ˜Ÿï¼Œæ¯å—é‡2åƒå…‹ã€‚ç°ä»£ç²¾å“é»‘ç –èŒ¶è§„æ ¼å°ï¼Œåˆ¶ä½œå·¥è‰ºå·§å¦™ï¼Œæ–¹ä¾¿å†²æ³¡é¥®ç”¨ï¼Œå»é™¤äº†é²œå¶ä¸­çš„é’è‰æ°”ï¼Œç –èº«ç´§å®ï¼Œä¸æ˜“å—æ½®éœ‰å˜ï¼Œæ”¶è—æ•°å¹´ä»ä¸å˜å‘³ï¼Œä¸”è¶Šé™ˆè¶Šå¥½ã€‚ ğŸµç±»ç›®ï¼šä¸­å›½å…­å¤§èŒ¶ç±»ä¹‹ä¸€ â€¢ é»‘èŒ¶ â€¢ åå‘é…µ â€¢ æ€§æ¸© ğŸµäº§åœ° æ¹–å—çœç›Šé˜³å¸‚å®‰åŒ–å¿ 	 ğŸ’¡åŠŸæ•ˆä½œç”¨ å…»èƒƒå¥èƒƒ åŠ©æ¶ˆåŒ–ã€è§£æ²¹è…»ã€é¡ºè‚ èƒƒ é™ä½è¡€å‹ã€è°ƒèŠ‚è¡€è„‚ 	 ğŸ’¡å†²æ³¡æ–¹æ³• èŒ¶å…·é€‰æ‹©ç™½ç“·ç›–ç¢—ä¸ºä½³ã€ç´«ç ‚å£¶ä¸ºä½³ï¼ŒèŒ¶æ°´æ¯”1:20ï¼Œæ°´æ¸©100â„ƒï¼Œæ¶¦èŒ¶ã€æ³¨æ°´å10så‡ºæ±¤ï¼Œå¯å†²æ³¡10ä½™æ¬¡ã€‚ 	 ğŸ’¡å­˜å‚¨æ–¹æ³• é»‘èŒ¶å¯ä»¥é•¿æœŸå­˜æ”¾ã€‚ é»‘èŒ¶æ•£èŒ¶å¯ä½¿ç”¨ç‰›çš®çº¸è¢‹ã€ç¯¾ç¯“ã€é™¶ç½å…ˆå°†å…¶è£…å¥½ï¼Œå°ç¯“è£…å¤©å°–èŒ¶ã€ç –èŒ¶ã€é¥¼èŒ¶å¯è£…å…¥æ— å‘³çº¸ç®±ä¸­ï¼ŒåŒæ—¶ç›¸å¯¹å¯†å°ï¼Œä¿æŒé€æ°”æ€§ï¼Œæœ€åæ”¾ç½®åœ¨ä¹¦æˆ¿æˆ–èŒ¶å®¤ä¿å­˜ï¼Œæ³¨æ„ç¯å¢ƒå’Œç©ºæ°”çš„æµé€šæ€§ã€‚ è£¸èŒ¶ã€åŒ…è£…èŒ¶ï¼Œä¸åŒç±»äº§å“åŠä¸åŒå‚å®¶çš„äº§å“ä¸å®œæ··æ”¾ï¼Œä»¥å…ä¸²å‘³ã€‚ â—ï¸æ§åˆ¶æ¸©åº¦ï¼š25â„ƒä»¥ä¸‹ï¼Œç›¸å¯¹æ¹¿åº¦ï¼š70%ä»¥ä¸‹ã€‚ 	 ğŸµé€‚å®œäººç¾¤ ä½“è™šã€å–œé£Ÿè‚‰è€… èƒƒè‚ ä¸ä½³ é«˜è¡€å‹ã€èº«ä½“è¶…é‡è€… ğŸµç¦å¿Œäººç¾¤ è¥å…»ä¸è‰¯ é•¿æœŸç´ é£Ÿè€… 	 ğŸƒå…³æ³¨æˆ‘ä»¬ï¼Œæ¯å¤©ä¸æ‚¨åˆ†äº«èŒ¶æ–‡åŒ–å°çŸ¥è¯†ğŸƒ #åˆ†äº«èŒ¶çŸ¥è¯†ä¼ æ’­èŒ¶æ–‡åŒ–#èŒ¶ç”Ÿæ´»#èŒ¶#åœ¨å®¶æ›´çˆ±å–èŒ¶#å®‰åŒ–é»‘èŒ¶#èŒ¶æ–‡åŒ–,2,142,33,02-14,IPå±åœ°ï¼šæµ™æ±Ÿ,å°çº¢ä¹¦å·ï¼š5379391248,ä¸€ä¸ªç ”ç©¶èŒ¶æ–‡åŒ–çš„å¤§å­¦ç”Ÿå›¢é˜ŸğŸµ åˆ†äº«èŒ¶çŸ¥è¯†ï¼ŒèŒ¶æ–‡åŒ–ï¼ŒèŒ¶è¶£äº‹ï¼ŒèŒ¶æ‘„å½± è°¢è°¢ä½ çš„å…³æ³¨ï¼æ¥å’Œæˆ‘ä»¬ä¸€èµ·å­¦ä¹ å§ğŸµ å…¶ä»–ä¸“ä¸šçŸ¥è¯†åˆ†äº«ï¼š@æ­å·èŒ¶æ±¤ç¤¾,59,1747,1.3ä¸‡,ğŸ‘‘é»„å°é‚ª,è¿™æ€ä¹ˆæ ·,10-26,è¾½å®
å®‰åŒ–é»‘èŒ¶ï½œğŸƒè‰²æ³½é»‘æ¶¦ï¼Œå—çŠ¶å¦‚ç –,èŒ¶ç±³æ²¹ç›ğŸƒ,https://www.xiaohongshu.com/search_result/65ccdb8f000000000b023202?xsec_token=AB7iK4fawbhEKmMUJHc2e56ROGwYDwLAbA2ygnvoZ-pZw=&xsec_source=pc_search,å›¾æ–‡,"https://sns-webpic-qc.xhscdn.com/202411060938/8c0af01e07efdaa664de5036c53e192f/1040g2sg30v5o1f5i5g6g5otmspj9ifh2o6hlreg!nd_dft_wlteh_webp_3
https://sns-webpic-qc.xhscdn.com/202411060938/edfb4077a7f5b25fa925e07cad5f4ffa/1040g2sg30v5o1f6d5c6g5otmspj9ifh2orka370!nd_dft_wlteh_webp_3
https://sns-webpic-qc.xhscdn.com/202411060938/7e24d159dde294206533c4260d345793/1040g00830v5o1f535i6g5otmspj9ifh2f07jh40!nd_dft_wlteh_webp_3
https://sns-webpic-qc.xhscdn.com/202411060938/f008fefa112a9f8af60e1b1ce4e5f0fe/1040g2sg30v5o1f5flg605otmspj9ifh2ak5vv90!nd_dft_wlteh_webp_3
https://sns-webpic-qc.xhscdn.com/202411060938/8c0af01e07efdaa664de5036c53e192f/1040g2sg30v5o1f5i5g6g5otmspj9ifh2o6hlreg!nd_dft_wlteh_webp_3
https://sns-webpic-qc.xhscdn.com/202411060938/edfb4077a7f5b25fa925e07cad5f4ffa/1040g2sg30v5o1f6d5c6g5otmspj9ifh2orka370!nd_dft_wlteh_webp_3
",-,ğŸµé»‘ç –èŒ¶ï¼Œå› ä»¥é»‘æ¯›èŒ¶ä¸ºåŸæ–™ï¼Œè‰²æ³½é»‘æ¶¦ï¼Œæˆå“å—çŠ¶å¦‚ç –è€Œå¾—åã€‚ä¼ ç»Ÿçš„é»‘ç –èŒ¶è¡¨é¢ä¸Šæ–¹ä¸€èˆ¬å°å‹æœ‰â€œé»‘ç –èŒ¶â€ä¸‰å­—ï¼Œä¸‹æ–¹å°æœ‰â€œæ¹–å—å®‰åŒ–â€å››å­—ï¼Œä¸­éƒ¨ä¸ºäº”è§’æ˜Ÿï¼Œæ¯å—é‡2åƒå…‹ã€‚ç°ä»£ç²¾å“é»‘ç –èŒ¶è§„æ ¼å°ï¼Œåˆ¶ä½œå·¥è‰ºå·§å¦™ï¼Œæ–¹ä¾¿å†²æ³¡é¥®ç”¨ï¼Œå»é™¤äº†é²œå¶ä¸­çš„é’è‰æ°”ï¼Œç –èº«ç´§å®ï¼Œä¸æ˜“å—æ½®éœ‰å˜ï¼Œæ”¶è—æ•°å¹´ä»ä¸å˜å‘³ï¼Œä¸”è¶Šé™ˆè¶Šå¥½ã€‚ ğŸµç±»ç›®ï¼šä¸­å›½å…­å¤§èŒ¶ç±»ä¹‹ä¸€ â€¢ é»‘èŒ¶ â€¢ åå‘é…µ â€¢ æ€§æ¸© ğŸµäº§åœ° æ¹–å—çœç›Šé˜³å¸‚å®‰åŒ–å¿ 	 ğŸ’¡åŠŸæ•ˆä½œç”¨ å…»èƒƒå¥èƒƒ åŠ©æ¶ˆåŒ–ã€è§£æ²¹è…»ã€é¡ºè‚ èƒƒ é™ä½è¡€å‹ã€è°ƒèŠ‚è¡€è„‚ 	 ğŸ’¡å†²æ³¡æ–¹æ³• èŒ¶å…·é€‰æ‹©ç™½ç“·ç›–ç¢—ä¸ºä½³ã€ç´«ç ‚å£¶ä¸ºä½³ï¼ŒèŒ¶æ°´æ¯”1:20ï¼Œæ°´æ¸©100â„ƒï¼Œæ¶¦èŒ¶ã€æ³¨æ°´å10så‡ºæ±¤ï¼Œå¯å†²æ³¡10ä½™æ¬¡ã€‚ 	 ğŸ’¡å­˜å‚¨æ–¹æ³• é»‘èŒ¶å¯ä»¥é•¿æœŸå­˜æ”¾ã€‚ é»‘èŒ¶æ•£èŒ¶å¯ä½¿ç”¨ç‰›çš®çº¸è¢‹ã€ç¯¾ç¯“ã€é™¶ç½å…ˆå°†å…¶è£…å¥½ï¼Œå°ç¯“è£…å¤©å°–èŒ¶ã€ç –èŒ¶ã€é¥¼èŒ¶å¯è£…å…¥æ— å‘³çº¸ç®±ä¸­ï¼ŒåŒæ—¶ç›¸å¯¹å¯†å°ï¼Œä¿æŒé€æ°”æ€§ï¼Œæœ€åæ”¾ç½®åœ¨ä¹¦æˆ¿æˆ–èŒ¶å®¤ä¿å­˜ï¼Œæ³¨æ„ç¯å¢ƒå’Œç©ºæ°”çš„æµé€šæ€§ã€‚ è£¸èŒ¶ã€åŒ…è£…èŒ¶ï¼Œä¸åŒç±»äº§å“åŠä¸åŒå‚å®¶çš„äº§å“ä¸å®œæ··æ”¾ï¼Œä»¥å…ä¸²å‘³ã€‚ â—ï¸æ§åˆ¶æ¸©åº¦ï¼š25â„ƒä»¥ä¸‹ï¼Œç›¸å¯¹æ¹¿åº¦ï¼š70%ä»¥ä¸‹ã€‚ 	 ğŸµé€‚å®œäººç¾¤ ä½“è™šã€å–œé£Ÿè‚‰è€… èƒƒè‚ ä¸ä½³ é«˜è¡€å‹ã€èº«ä½“è¶…é‡è€… ğŸµç¦å¿Œäººç¾¤ è¥å…»ä¸è‰¯ é•¿æœŸç´ é£Ÿè€… 	 ğŸƒå…³æ³¨æˆ‘ä»¬ï¼Œæ¯å¤©ä¸æ‚¨åˆ†äº«èŒ¶æ–‡åŒ–å°çŸ¥è¯†ğŸƒ #åˆ†äº«èŒ¶çŸ¥è¯†ä¼ æ’­èŒ¶æ–‡åŒ–#èŒ¶ç”Ÿæ´»#èŒ¶#åœ¨å®¶æ›´çˆ±å–èŒ¶#å®‰åŒ–é»‘èŒ¶#èŒ¶æ–‡åŒ–,2,142,33,02-14,IPå±åœ°ï¼šæµ™æ±Ÿ,å°çº¢ä¹¦å·ï¼š5379391248,ä¸€ä¸ªç ”ç©¶èŒ¶æ–‡åŒ–çš„å¤§å­¦ç”Ÿå›¢é˜ŸğŸµ åˆ†äº«èŒ¶çŸ¥è¯†ï¼ŒèŒ¶æ–‡åŒ–ï¼ŒèŒ¶è¶£äº‹ï¼ŒèŒ¶æ‘„å½± è°¢è°¢ä½ çš„å…³æ³¨ï¼æ¥å’Œæˆ‘ä»¬ä¸€èµ·å­¦ä¹ å§ğŸµ å…¶ä»–ä¸“ä¸šçŸ¥è¯†åˆ†äº«ï¼š@æ­å·èŒ¶æ±¤ç¤¾,59,1747,1.3ä¸‡,å¼ å°èŒ,å¯ä»¥å……å½“ç™½æ°´å–å—ï¼Ÿ,10-19,å®‰å¾½
å®‰åŒ–é»‘èŒ¶ï½œğŸƒè‰²æ³½é»‘æ¶¦ï¼Œå—çŠ¶å¦‚ç –,èŒ¶ç±³æ²¹ç›ğŸƒ,https://www.xiaohongshu.com/search_result/65ccdb8f000000000b023202?xsec_token=AB7iK4fawbhEKmMUJHc2e56ROGwYDwLAbA2ygnvoZ-pZw=&xsec_source=pc_search,å›¾æ–‡,"https://sns-webpic-qc.xhscdn.com/202411060938/8c0af01e07efdaa664de5036c53e192f/1040g2sg30v5o1f5i5g6g5otmspj9ifh2o6hlreg!nd_dft_wlteh_webp_3
https://sns-webpic-qc.xhscdn.com/202411060938/edfb4077a7f5b25fa925e07cad5f4ffa/1040g2sg30v5o1f6d5c6g5otmspj9ifh2orka370!nd_dft_wlteh_webp_3
https://sns-webpic-qc.xhscdn.com/202411060938/7e24d159dde294206533c4260d345793/1040g00830v5o1f535i6g5otmspj9ifh2f07jh40!nd_dft_wlteh_webp_3
https://sns-webpic-qc.xhscdn.com/202411060938/f008fefa112a9f8af60e1b1ce4e5f0fe/1040g2sg30v5o1f5flg605otmspj9ifh2ak5vv90!nd_dft_wlteh_webp_3
https://sns-webpic-qc.xhscdn.com/202411060938/8c0af01e07efdaa664de5036c53e192f/1040g2sg30v5o1f5i5g6g5otmspj9ifh2o6hlreg!nd_dft_wlteh_webp_3
https://sns-webpic-qc.xhscdn.com/202411060938/edfb4077a7f5b25fa925e07cad5f4ffa/1040g2sg30v5o1f6d5c6g5otmspj9ifh2orka370!nd_dft_wlteh_webp_3
",-,ğŸµé»‘ç –èŒ¶ï¼Œå› ä»¥é»‘æ¯›èŒ¶ä¸ºåŸæ–™ï¼Œè‰²æ³½é»‘æ¶¦ï¼Œæˆå“å—çŠ¶å¦‚ç –è€Œå¾—åã€‚ä¼ ç»Ÿçš„é»‘ç –èŒ¶è¡¨é¢ä¸Šæ–¹ä¸€èˆ¬å°å‹æœ‰â€œé»‘ç –èŒ¶â€ä¸‰å­—ï¼Œä¸‹æ–¹å°æœ‰â€œæ¹–å—å®‰åŒ–â€å››å­—ï¼Œä¸­éƒ¨ä¸ºäº”è§’æ˜Ÿï¼Œæ¯å—é‡2åƒå…‹ã€‚ç°ä»£ç²¾å“é»‘ç –èŒ¶è§„æ ¼å°ï¼Œåˆ¶ä½œå·¥è‰ºå·§å¦™ï¼Œæ–¹ä¾¿å†²æ³¡é¥®ç”¨ï¼Œå»é™¤äº†é²œå¶ä¸­çš„é’è‰æ°”ï¼Œç –èº«ç´§å®ï¼Œä¸æ˜“å—æ½®éœ‰å˜ï¼Œæ”¶è—æ•°å¹´ä»ä¸å˜å‘³ï¼Œä¸”è¶Šé™ˆè¶Šå¥½ã€‚ ğŸµç±»ç›®ï¼šä¸­å›½å…­å¤§èŒ¶ç±»ä¹‹ä¸€ â€¢ é»‘èŒ¶ â€¢ åå‘é…µ â€¢ æ€§æ¸© ğŸµäº§åœ° æ¹–å—çœç›Šé˜³å¸‚å®‰åŒ–å¿ 	 ğŸ’¡åŠŸæ•ˆä½œç”¨ å…»èƒƒå¥èƒƒ åŠ©æ¶ˆåŒ–ã€è§£æ²¹è…»ã€é¡ºè‚ èƒƒ é™ä½è¡€å‹ã€è°ƒèŠ‚è¡€è„‚ 	 ğŸ’¡å†²æ³¡æ–¹æ³• èŒ¶å…·é€‰æ‹©ç™½ç“·ç›–ç¢—ä¸ºä½³ã€ç´«ç ‚å£¶ä¸ºä½³ï¼ŒèŒ¶æ°´æ¯”1:20ï¼Œæ°´æ¸©100â„ƒï¼Œæ¶¦èŒ¶ã€æ³¨æ°´å10så‡ºæ±¤ï¼Œå¯å†²æ³¡10ä½™æ¬¡ã€‚ 	 ğŸ’¡å­˜å‚¨æ–¹æ³• é»‘èŒ¶å¯ä»¥é•¿æœŸå­˜æ”¾ã€‚ é»‘èŒ¶æ•£èŒ¶å¯ä½¿ç”¨ç‰›çš®çº¸è¢‹ã€ç¯¾ç¯“ã€é™¶ç½å…ˆå°†å…¶è£…å¥½ï¼Œå°ç¯“è£…å¤©å°–èŒ¶ã€ç –èŒ¶ã€é¥¼èŒ¶å¯è£…å…¥æ— å‘³çº¸ç®±ä¸­ï¼ŒåŒæ—¶ç›¸å¯¹å¯†å°ï¼Œä¿æŒé€æ°”æ€§ï¼Œæœ€åæ”¾ç½®åœ¨ä¹¦æˆ¿æˆ–èŒ¶å®¤ä¿å­˜ï¼Œæ³¨æ„ç¯å¢ƒå’Œç©ºæ°”çš„æµé€šæ€§ã€‚ è£¸èŒ¶ã€åŒ…è£…èŒ¶ï¼Œä¸åŒç±»äº§å“åŠä¸åŒå‚å®¶çš„äº§å“ä¸å®œæ··æ”¾ï¼Œä»¥å…ä¸²å‘³ã€‚ â—ï¸æ§åˆ¶æ¸©åº¦ï¼š25â„ƒä»¥ä¸‹ï¼Œç›¸å¯¹æ¹¿åº¦ï¼š70%ä»¥ä¸‹ã€‚ 	 ğŸµé€‚å®œäººç¾¤ ä½“è™šã€å–œé£Ÿè‚‰è€… èƒƒè‚ ä¸ä½³ é«˜è¡€å‹ã€èº«ä½“è¶…é‡è€… ğŸµç¦å¿Œäººç¾¤ è¥å…»ä¸è‰¯ é•¿æœŸç´ é£Ÿè€… 	 ğŸƒå…³æ³¨æˆ‘ä»¬ï¼Œæ¯å¤©ä¸æ‚¨åˆ†äº«èŒ¶æ–‡åŒ–å°çŸ¥è¯†ğŸƒ #åˆ†äº«èŒ¶çŸ¥è¯†ä¼ æ’­èŒ¶æ–‡åŒ–#èŒ¶ç”Ÿæ´»#èŒ¶#åœ¨å®¶æ›´çˆ±å–èŒ¶#å®‰åŒ–é»‘èŒ¶#èŒ¶æ–‡åŒ–,2,142,33,02-14,IPå±åœ°ï¼šæµ™æ±Ÿ,å°çº¢ä¹¦å·ï¼š5379391248,ä¸€ä¸ªç ”ç©¶èŒ¶æ–‡åŒ–çš„å¤§å­¦ç”Ÿå›¢é˜ŸğŸµ åˆ†äº«èŒ¶çŸ¥è¯†ï¼ŒèŒ¶æ–‡åŒ–ï¼ŒèŒ¶è¶£äº‹ï¼ŒèŒ¶æ‘„å½± è°¢è°¢ä½ çš„å…³æ³¨ï¼æ¥å’Œæˆ‘ä»¬ä¸€èµ·å­¦ä¹ å§ğŸµ å…¶ä»–ä¸“ä¸šçŸ¥è¯†åˆ†äº«ï¼š@æ­å·èŒ¶æ±¤ç¤¾,59,1747,1.3ä¸‡,é•¿æ²»å°ç‹åŒ…è½¦,æœ‹å‹é€çš„,10-17,å±±è¥¿
é»‘èŒ¶è‰²ï¼Œæ‹’å¹¿,èµ´ç´„,https://www.xiaohongshu.com/search_result/66e28665000000002603e262?xsec_token=ABpl5xIclWN-EqqRnhmkDlKSBRZSCidSmARtz2cEa9YEg=&xsec_source=pc_search,å›¾æ–‡,"https://sns-webpic-qc.xhscdn.com/202411060939/924784e910b03d0e5378f65def63c9bd/1040g2sg317kt4psd446g5plauvtne3ms7pq58co!nd_dft_wlteh_webp_3
https://sns-webpic-qc.xhscdn.com/202411060939/924784e910b03d0e5378f65def63c9bd/1040g2sg317kt4psd446g5plauvtne3ms7pq58co!nd_dft_wlteh_webp_3
https://sns-webpic-qc.xhscdn.com/202411060939/924784e910b03d0e5378f65def63c9bd/1040g2sg317kt4psd446g5plauvtne3ms7pq58co!nd_dft_wlteh_webp_3
",-,æƒ³æŸ“é»‘èŒ¶è‰²çš„ï¼Œå°½ç®¡é—®,4,60,294,09-12,IPå±åœ°ï¼šä¸­å›½,å°çº¢ä¹¦å·ï¼š95494741905,è¿˜æ²¡æœ‰ç®€ä»‹,8,14,309,å›°,åˆå°´å°¬æœŸå—ï¼Ÿä¼šå˜æˆå¸ƒä¸å¤´å—,6 å¤©å‰,æ²³åŒ—
é»‘èŒ¶è‰²ï¼Œæ‹’å¹¿,èµ´ç´„,https://www.xiaohongshu.com/search_result/66e28665000000002603e262?xsec_token=ABpl5xIclWN-EqqRnhmkDlKSBRZSCidSmARtz2cEa9YEg=&xsec_source=pc_search,å›¾æ–‡,"https://sns-webpic-qc.xhscdn.com/202411060939/924784e910b03d0e5378f65def63c9bd/1040g2sg317kt4psd446g5plauvtne3ms7pq58co!nd_dft_wlteh_webp_3
https://sns-webpic-qc.xhscdn.com/202411060939/924784e910b03d0e5378f65def63c9bd/1040g2sg317kt4psd446g5plauvtne3ms7pq58co!nd_dft_wlteh_webp_3
https://sns-webpic-qc.xhscdn.com/202411060939/924784e910b03d0e5378f65def63c9bd/1040g2sg317kt4psd446g5plauvtne3ms7pq58co!nd_dft_wlteh_webp_3
",-,æƒ³æŸ“é»‘èŒ¶è‰²çš„ï¼Œå°½ç®¡é—®,4,60,294,09-12,IPå±åœ°ï¼šä¸­å›½,å°çº¢ä¹¦å·ï¼š95494741905,è¿˜æ²¡æœ‰ç®€ä»‹,8,14,309,å°çº¢è–¯62F56B7E,æ¼‚éé ­çš„è©± æœƒç™¼é»ƒå—,10-12,ä¸­å›½å°æ¹¾
åˆ«æŸ“é»‘èŒ¶ï¼ï¼ï¼,æ¯›å­é¥¿äº†,https://www.xiaohongshu.com/search_result/6541c1de000000000403b0f3?xsec_token=ABlXunuRRvL9rrBYEIYLwFRzJf6kMaUew431ZoW-qnXbo=&xsec_source=pc_search,å›¾æ–‡,"https://sns-webpic-qc.xhscdn.com/202411060943/49f00a9cab0ce583baace000382c02a2/1040g00830qtt53om0o204a1bjfoamr737elobo8!nd_dft_wlteh_webp_3
https://sns-webpic-qc.xhscdn.com/202411060943/9b6a5aeaf5d4bc632dce0b4c4abc6bae/1040g00830qtt53om0o004a1bjfoamr73fcj4mgg!nd_dft_wlteh_webp_3
https://sns-webpic-qc.xhscdn.com/202411060943/a55b779e1d15df911939e63dc49a335d/1040g00830qtt53om0o0g4a1bjfoamr73e8omfg0!nd_dft_wlteh_webp_3
https://sns-webpic-qc.xhscdn.com/202411060943/679f32f1858bca5fbaa11d85011a64d1/1040g00830qtt53om0o104a1bjfoamr73beek4s8!nd_dft_wlteh_webp_3
https://sns-webpic-qc.xhscdn.com/202411060943/cc2ae00a22eeff0e426385e852000826/1040g00830qtt53om0o1g4a1bjfoamr73nrdgrv8!nd_dft_wlteh_webp_3
https://sns-webpic-qc.xhscdn.com/202411060943/49f00a9cab0ce583baace000382c02a2/1040g00830qtt53om0o204a1bjfoamr737elobo8!nd_dft_wlteh_webp_3
https://sns-webpic-qc.xhscdn.com/202411060943/9b6a5aeaf5d4bc632dce0b4c4abc6bae/1040g00830qtt53om0o004a1bjfoamr73fcj4mgg!nd_dft_wlteh_webp_3
",-,p1åˆšæŸ“å®Œï¼Œæ„Ÿè§‰æ˜¯å…¨é»‘çš„ p2å¤§æ¦‚æŸ“å®Œä¸€ä¸ªå¤šæ˜ŸæœŸï¼Œæœ‰ç‚¹é’æ£•çš„æ„Ÿè§‰ï¼Œè¿™ä¸ªæ—¶å€™è¿˜æ˜¯å¥½çœ‹çš„ï¼ p3p4å¤§æ¦‚æŸ“å®Œä¸‰ä¸ªæ˜ŸæœŸï¼Œé¢œè‰²å·®ä¸å¤šæ˜¯æµ…ä¸€ç‚¹çš„é’æ£•ã€‚ p5æŸ“å®Œä¸€ä¸ªæœˆï¼Œå¥½é»„å•Šå•Šå•Šå•Šå•Šå•Šå•Š #é»‘èŒ¶è‰²#é»‘èŒ¶æ‰è‰²#å¥³å¤§å­¦ç”ŸæŸ“å‘,65,73,171,2023-11-01,IPå±åœ°ï¼šæµ™æ±Ÿ,å°çº¢ä¹¦å·ï¼š958754620,åœ¨æ­å¤§å­¦ç”Ÿ/04/çˆ±åƒçˆ±ç©,146,45,975,PollyChen,ä¸ºä»€ä¹ˆä¼šæ‰è¿™ä¹ˆé»„,5 å¤©å‰,å¹¿ä¸œ
